0, 0, Header, 0, 1, 480
1, 0, Start_track
1, 0, Title_t, "Piano"
1, 0, Instrument_name_t, "Steinway Grand Piano"
1, 0, Time_signature, 4, 2, 24, 8
1, 0, Key_signature, 0, "major"
1, 0, SMPTE_offset, 1, 0, 0, 0, 0
1, 0, Tempo, 625000
1, 0, Note_on_c, 0, 35, 62
1, 480, Note_on_c, 0, 35, 62
1, 480, Note_off_c, 0, 35, 64
1, 960, Note_on_c, 0, 35, 62
1, 960, Note_off_c, 0, 35, 64
1, 1440, Note_on_c, 0, 35, 62
1, 1440, Note_off_c, 0, 35, 64
1, 1920, Control_c, 0, 0, 121
1, 1920, Control_c, 0, 32, 0
1, 1920, Program_c, 0, 0
1, 1920, Control_c, 0, 7, 101
1, 1920, Control_c, 0, 7, 102
1, 1920, Control_c, 0, 7, 110
1, 1920, Control_c, 0, 10, 64
1, 1920, Note_on_c, 0, 22, 62
1, 1920, Note_on_c, 0, 23, 62
1, 1920, Note_on_c, 0, 36, 62
1, 1920, Note_on_c, 0, 55, 67
1, 1920, Note_on_c, 0, 58, 56
1, 1920, Note_on_c, 0, 63, 62
1, 1920, Note_off_c, 0, 35, 64
1, 1921, Control_c, 0, 101, 0
1, 1921, Control_c, 0, 101, 0
1, 1921, Control_c, 0, 100, 0
1, 1921, Control_c, 0, 100, 0
1, 1921, Control_c, 0, 6, 12
1, 1921, Control_c, 0, 6, 12
1, 1921, Control_c, 0, 38, 0
1, 1921, Control_c, 0, 38, 0
1, 1925, Control_c, 0, 7, 102
1, 1925, Control_c, 0, 7, 110
1, 2400, Note_off_c, 0, 22, 64
1, 3835, Note_off_c, 0, 36, 0
1, 3835, Note_off_c, 0, 55, 0
1, 3835, Note_off_c, 0, 58, 0
1, 3835, Note_off_c, 0, 63, 0
1, 3840, Note_on_c, 0, 22, 62
1, 3840, Note_on_c, 0, 23, 62
1, 3840, Note_on_c, 0, 44, 64
1, 3840, Note_on_c, 0, 58, 56
1, 3840, Note_on_c, 0, 60, 56
1, 3840, Note_on_c, 0, 63, 70
1, 3840, Note_off_c, 0, 23, 64
1, 4320, Note_off_c, 0, 22, 64
1, 5758, Note_off_c, 0, 44, 0
1, 5758, Note_off_c, 0, 58, 0
1, 5758, Note_off_c, 0, 60, 0
1, 5758, Note_off_c, 0, 63, 0
1, 5760, Note_on_c, 0, 22, 62
1, 5760, Note_on_c, 0, 23, 62
1, 5760, Note_on_c, 0, 39, 63
1, 5760, Note_on_c, 0, 58, 56
1, 5760, Note_on_c, 0, 65, 56
1, 5760, Note_on_c, 0, 67, 70
1, 5760, Note_off_c, 0, 23, 64
1, 6240, Note_off_c, 0, 22, 64
1, 7678, Note_off_c, 0, 39, 0
1, 7678, Note_off_c, 0, 58, 0
1, 7678, Note_off_c, 0, 65, 0
1, 7678, Note_off_c, 0, 67, 0
1, 7680, Note_on_c, 0, 22, 62
1, 7680, Note_on_c, 0, 23, 62
1, 7680, Note_on_c, 0, 46, 64
1, 7680, Note_on_c, 0, 58, 56
1, 7680, Note_on_c, 0, 62, 56
1, 7680, Note_on_c, 0, 65, 70
1, 7680, Note_off_c, 0, 23, 64
1, 8160, Note_off_c, 0, 22, 64
1, 9598, Note_off_c, 0, 46, 0
1, 9598, Note_off_c, 0, 58, 0
1, 9598, Note_off_c, 0, 62, 0
1, 9598, Note_off_c, 0, 65, 0
1, 9600, Note_on_c, 0, 22, 62
1, 9600, Note_on_c, 0, 23, 62
1, 9600, Note_on_c, 0, 36, 62
1, 9600, Note_on_c, 0, 55, 56
1, 9600, Note_on_c, 0, 58, 56
1, 9600, Note_on_c, 0, 63, 70
1, 9600, Note_off_c, 0, 23, 64
1, 10080, Note_off_c, 0, 22, 64
1, 11518, Note_off_c, 0, 36, 0
1, 11518, Note_off_c, 0, 55, 0
1, 11518, Note_off_c, 0, 58, 0
1, 11518, Note_off_c, 0, 63, 0
1, 11520, Note_on_c, 0, 22, 62
1, 11520, Note_on_c, 0, 23, 62
1, 11520, Note_on_c, 0, 44, 64
1, 11520, Note_on_c, 0, 58, 61
1, 11520, Note_on_c, 0, 63, 71
1, 11520, Note_off_c, 0, 23, 64
1, 12000, Note_off_c, 0, 22, 64
1, 12480, Note_on_c, 0, 70, 67
1, 12488, Note_off_c, 0, 58, 0
1, 12488, Note_off_c, 0, 63, 0
1, 13430, Note_off_c, 0, 70, 0
1, 13438, Note_off_c, 0, 44, 0
1, 13440, Note_on_c, 0, 22, 62
1, 13440, Note_on_c, 0, 23, 62
1, 13440, Note_on_c, 0, 39, 63
1, 13440, Note_on_c, 0, 55, 61
1, 13440, Note_on_c, 0, 58, 61
1, 13440, Note_on_c, 0, 63, 75
1, 13440, Note_off_c, 0, 23, 64
1, 13600, Note_on_c, 0, 65, 64
1, 13607, Note_off_c, 0, 55, 0
1, 13607, Note_off_c, 0, 58, 0
1, 13616, Note_off_c, 0, 63, 0
1, 13746, Note_off_c, 0, 65, 0
1, 13760, Note_on_c, 0, 67, 64
1, 13920, Note_off_c, 0, 22, 64
1, 15346, Note_off_c, 0, 67, 0
1, 15358, Note_off_c, 0, 39, 0
1, 15360, Note_on_c, 0, 22, 62
1, 15360, Note_on_c, 0, 23, 62
1, 15360, Note_on_c, 0, 46, 64
1, 15360, Note_on_c, 0, 58, 56
1, 15360, Note_on_c, 0, 62, 56
1, 15360, Note_on_c, 0, 65, 70
1, 15360, Note_off_c, 0, 23, 64
1, 15840, Note_off_c, 0, 22, 64
1, 17278, Note_off_c, 0, 46, 0
1, 17278, Note_off_c, 0, 58, 0
1, 17278, Note_off_c, 0, 62, 0
1, 17278, Note_off_c, 0, 65, 0
1, 17280, Note_on_c, 0, 22, 62
1, 17280, Note_on_c, 0, 23, 62
1, 17280, Note_on_c, 0, 36, 54
1, 17280, Note_on_c, 0, 43, 56
1, 17280, Note_on_c, 0, 48, 70
1, 17280, Note_on_c, 0, 55, 61
1, 17280, Note_on_c, 0, 58, 61
1, 17280, Note_on_c, 0, 63, 75
1, 17280, Note_off_c, 0, 23, 64
1, 17760, Note_on_c, 0, 63, 65
1, 17760, Note_off_c, 0, 22, 64
1, 17772, Note_off_c, 0, 55, 0
1, 17772, Note_off_c, 0, 58, 0
1, 17772, Note_off_c, 0, 63, 0
1, 17996, Note_off_c, 0, 63, 0
1, 18000, Note_on_c, 0, 63, 64
1, 18239, Note_off_c, 0, 63, 0
1, 18240, Note_on_c, 0, 63, 67
1, 18479, Note_off_c, 0, 63, 0
1, 18480, Note_on_c, 0, 63, 64
1, 18703, Note_off_c, 0, 63, 0
1, 18720, Note_on_c, 0, 65, 65
1, 18942, Note_off_c, 0, 65, 0
1, 18960, Note_on_c, 0, 63, 64
1, 19076, Note_off_c, 0, 63, 0
1, 19080, Note_on_c, 0, 63, 64
1, 19198, Note_off_c, 0, 36, 0
1, 19198, Note_off_c, 0, 43, 0
1, 19198, Note_off_c, 0, 48, 0
1, 19200, Note_on_c, 0, 22, 62
1, 19200, Note_on_c, 0, 23, 62
1, 19200, Note_on_c, 0, 44, 56
1, 19200, Note_on_c, 0, 51, 56
1, 19200, Note_on_c, 0, 56, 70
1, 19200, Note_off_c, 0, 23, 64
1, 19680, Note_off_c, 0, 22, 64
1, 19920, Note_on_c, 0, 63, 64
1, 19932, Note_off_c, 0, 63, 0
1, 20159, Note_off_c, 0, 63, 0
1, 20160, Note_on_c, 0, 63, 67
1, 20399, Note_off_c, 0, 63, 0
1, 20400, Note_on_c, 0, 63, 64
1, 20637, Note_off_c, 0, 63, 0
1, 20640, Note_on_c, 0, 63, 65
1, 20862, Note_off_c, 0, 63, 0
1, 20880, Note_on_c, 0, 65, 64
1, 20989, Note_off_c, 0, 65, 0
1, 21000, Note_on_c, 0, 67, 64
1, 21118, Note_off_c, 0, 44, 0
1, 21118, Note_off_c, 0, 51, 0
1, 21118, Note_off_c, 0, 56, 0
1, 21120, Note_on_c, 0, 22, 62
1, 21120, Note_on_c, 0, 23, 62
1, 21120, Note_on_c, 0, 39, 55
1, 21120, Note_on_c, 0, 46, 56
1, 21120, Note_on_c, 0, 51, 70
1, 21120, Note_off_c, 0, 23, 64
1, 21600, Note_off_c, 0, 22, 64
1, 21960, Note_on_c, 0, 58, 64
1, 21968, Note_off_c, 0, 67, 0
1, 22075, Note_off_c, 0, 58, 0
1, 22080, Note_on_c, 0, 67, 67
1, 22319, Note_off_c, 0, 67, 0
1, 22320, Note_on_c, 0, 67, 64
1, 22543, Note_off_c, 0, 67, 0
1, 22560, Note_on_c, 0, 68, 65
1, 22782, Note_off_c, 0, 68, 0
1, 22800, Note_on_c, 0, 67, 64
1, 23023, Note_off_c, 0, 67, 0
1, 23038, Note_off_c, 0, 39, 0
1, 23038, Note_off_c, 0, 46, 0
1, 23038, Note_off_c, 0, 51, 0
1, 23040, Note_on_c, 0, 22, 62
1, 23040, Note_on_c, 0, 23, 62
1, 23040, Note_on_c, 0, 46, 69
1, 23040, Note_on_c, 0, 58, 61
1, 23040, Note_on_c, 0, 63, 61
1, 23040, Note_on_c, 0, 65, 75
1, 23040, Note_off_c, 0, 23, 64
1, 23520, Note_off_c, 0, 22, 64
1, 23760, Note_on_c, 0, 46, 64
1, 23760, Note_on_c, 0, 58, 56
1, 23760, Note_on_c, 0, 62, 70
1, 23769, Note_off_c, 0, 46, 0
1, 23769, Note_off_c, 0, 58, 0
1, 23769, Note_off_c, 0, 63, 0
1, 23769, Note_off_c, 0, 65, 0
1, 24475, Note_off_c, 0, 58, 0
1, 24475, Note_off_c, 0, 62, 0
1, 24480, Note_on_c, 0, 62, 65
1, 24949, Note_off_c, 0, 46, 0
1, 24954, Note_off_c, 0, 62, 0
1, 24960, Note_on_c, 0, 22, 62
1, 24960, Note_on_c, 0, 23, 62
1, 24960, Note_on_c, 0, 36, 54
1, 24960, Note_on_c, 0, 43, 56
1, 24960, Note_on_c, 0, 48, 70
1, 24960, Note_on_c, 0, 55, 61
1, 24960, Note_on_c, 0, 58, 61
1, 24960, Note_on_c, 0, 63, 75
1, 24960, Note_off_c, 0, 23, 64
1, 25440, Note_on_c, 0, 63, 65
1, 25440, Note_off_c, 0, 22, 64
1, 25452, Note_off_c, 0, 55, 0
1, 25452, Note_off_c, 0, 58, 0
1, 25452, Note_off_c, 0, 63, 0
1, 25676, Note_off_c, 0, 63, 0
1, 25680, Note_on_c, 0, 63, 64
1, 25919, Note_off_c, 0, 63, 0
1, 25920, Note_on_c, 0, 63, 67
1, 26159, Note_off_c, 0, 63, 0
1, 26160, Note_on_c, 0, 63, 64
1, 26383, Note_off_c, 0, 63, 0
1, 26400, Note_on_c, 0, 65, 65
1, 26622, Note_off_c, 0, 65, 0
1, 26640, Note_on_c, 0, 63, 64
1, 26756, Note_off_c, 0, 63, 0
1, 26760, Note_on_c, 0, 63, 64
1, 26878, Note_off_c, 0, 36, 0
1, 26878, Note_off_c, 0, 43, 0
1, 26878, Note_off_c, 0, 48, 0
1, 26880, Note_on_c, 0, 22, 62
1, 26880, Note_on_c, 0, 23, 62
1, 26880, Note_on_c, 0, 44, 69
1, 26880, Note_off_c, 0, 23, 64
1, 27360, Note_off_c, 0, 22, 64
1, 27600, Note_on_c, 0, 51, 64
1, 27600, Note_on_c, 0, 58, 64
1, 27609, Note_off_c, 0, 44, 0
1, 27612, Note_off_c, 0, 63, 0
1, 27825, Note_off_c, 0, 58, 0
1, 27840, Note_on_c, 0, 63, 67
1, 28079, Note_off_c, 0, 63, 0
1, 28080, Note_on_c, 0, 63, 64
1, 28317, Note_off_c, 0, 63, 0
1, 28320, Note_on_c, 0, 63, 65
1, 28542, Note_off_c, 0, 63, 0
1, 28560, Note_on_c, 0, 65, 64
1, 28669, Note_off_c, 0, 65, 0
1, 28680, Note_on_c, 0, 67, 64
1, 28789, Note_off_c, 0, 51, 0
1, 28800, Note_on_c, 0, 22, 62
1, 28800, Note_on_c, 0, 23, 62
1, 28800, Note_on_c, 0, 39, 68
1, 28800, Note_off_c, 0, 23, 64
1, 29280, Note_off_c, 0, 22, 64
1, 29520, Note_on_c, 0, 51, 64
1, 29529, Note_off_c, 0, 39, 0
1, 29640, Note_on_c, 0, 58, 64
1, 29648, Note_off_c, 0, 67, 0
1, 29745, Note_off_c, 0, 51, 0
1, 29755, Note_off_c, 0, 58, 0
1, 29760, Note_on_c, 0, 53, 67
1, 29760, Note_on_c, 0, 70, 67
1, 29985, Note_off_c, 0, 53, 0
1, 29999, Note_off_c, 0, 70, 0
1, 30000, Note_on_c, 0, 55, 64
1, 30000, Note_on_c, 0, 70, 64
1, 30223, Note_off_c, 0, 55, 0
1, 30237, Note_off_c, 0, 70, 0
1, 30240, Note_on_c, 0, 58, 65
1, 30240, Note_on_c, 0, 70, 65
1, 30462, Note_off_c, 0, 70, 0
1, 30480, Note_on_c, 0, 63, 64
1, 30714, Note_off_c, 0, 58, 0
1, 30718, Note_off_c, 0, 63, 0
1, 30720, Note_on_c, 0, 22, 62
1, 30720, Note_on_c, 0, 23, 62
1, 30720, Note_on_c, 0, 46, 56
1, 30720, Note_on_c, 0, 53, 56
1, 30720, Note_on_c, 0, 58, 61
1, 30720, Note_on_c, 0, 63, 61
1, 30720, Note_on_c, 0, 65, 75
1, 30720, Note_off_c, 0, 23, 64
1, 31200, Note_off_c, 0, 22, 64
1, 31440, Note_on_c, 0, 62, 64
1, 31449, Note_off_c, 0, 63, 0
1, 31449, Note_off_c, 0, 65, 0
1, 32155, Note_off_c, 0, 62, 0
1, 32160, Note_on_c, 0, 67, 65
1, 32382, Note_off_c, 0, 67, 0
1, 32400, Note_on_c, 0, 65, 64
1, 32623, Note_off_c, 0, 65, 0
1, 32638, Note_off_c, 0, 46, 0
1, 32638, Note_off_c, 0, 53, 0
1, 32640, Note_on_c, 0, 22, 62
1, 32640, Note_on_c, 0, 23, 62
1, 32640, Note_on_c, 0, 36, 67
1, 32640, Note_on_c, 0, 60, 61
1, 32640, Note_on_c, 0, 63, 75
1, 32640, Note_off_c, 0, 23, 64
1, 32640, Note_off_c, 0, 58, 0
1, 33120, Note_on_c, 0, 70, 65
1, 33120, Note_off_c, 0, 22, 64
1, 33132, Note_off_c, 0, 60, 0
1, 33132, Note_off_c, 0, 63, 0
1, 33342, Note_off_c, 0, 70, 0
1, 33360, Note_on_c, 0, 43, 56
1, 33360, Note_on_c, 0, 48, 66
1, 33360, Note_on_c, 0, 63, 64
1, 33369, Note_off_c, 0, 36, 0
1, 33469, Note_off_c, 0, 63, 0
1, 33480, Note_on_c, 0, 70, 64
1, 33827, Note_off_c, 0, 70, 0
1, 33840, Note_on_c, 0, 63, 64
1, 34063, Note_off_c, 0, 63, 0
1, 34080, Note_on_c, 0, 67, 65
1, 34302, Note_off_c, 0, 67, 0
1, 34320, Note_on_c, 0, 70, 64
1, 34549, Note_off_c, 0, 43, 0
1, 34549, Note_off_c, 0, 48, 0
1, 34558, Note_off_c, 0, 70, 0
1, 34560, Note_on_c, 0, 22, 62
1, 34560, Note_on_c, 0, 23, 62
1, 34560, Note_on_c, 0, 44, 69
1, 34560, Note_on_c, 0, 63, 56
1, 34560, Note_on_c, 0, 70, 56
1, 34560, Note_on_c, 0, 72, 70
1, 34560, Note_off_c, 0, 23, 64
1, 35040, Note_off_c, 0, 22, 64
1, 35280, Note_on_c, 0, 51, 56
1, 35280, Note_on_c, 0, 56, 66
1, 35289, Note_off_c, 0, 44, 0
1, 36000, Note_on_c, 0, 72, 65
1, 36004, Note_off_c, 0, 63, 0
1, 36004, Note_off_c, 0, 70, 0
1, 36004, Note_off_c, 0, 72, 0
1, 36222, Note_off_c, 0, 72, 0
1, 36240, Note_on_c, 0, 70, 64
1, 36469, Note_off_c, 0, 51, 0
1, 36469, Note_off_c, 0, 56, 0
1, 36478, Note_off_c, 0, 70, 0
1, 36480, Note_on_c, 0, 22, 62
1, 36480, Note_on_c, 0, 23, 62
1, 36480, Note_on_c, 0, 39, 68
1, 36480, Note_on_c, 0, 58, 61
1, 36480, Note_on_c, 0, 63, 61
1, 36480, Note_on_c, 0, 68, 61
1, 36480, Note_on_c, 0, 70, 75
1, 36480, Note_off_c, 0, 23, 64
1, 36960, Note_on_c, 0, 70, 65
1, 36960, Note_off_c, 0, 22, 64
1, 36972, Note_off_c, 0, 58, 0
1, 36972, Note_off_c, 0, 63, 0
1, 36972, Note_off_c, 0, 68, 0
1, 36972, Note_off_c, 0, 70, 0
1, 37196, Note_off_c, 0, 70, 0
1, 37200, Note_on_c, 0, 46, 56
1, 37200, Note_on_c, 0, 51, 66
1, 37200, Note_on_c, 0, 70, 64
1, 37209, Note_off_c, 0, 39, 0
1, 37915, Note_off_c, 0, 70, 0
1, 37920, Note_on_c, 0, 67, 65
1, 38389, Note_off_c, 0, 46, 0
1, 38389, Note_off_c, 0, 51, 0
1, 38394, Note_off_c, 0, 67, 0
1, 38400, Note_on_c, 0, 22, 62
1, 38400, Note_on_c, 0, 23, 62
1, 38400, Note_on_c, 0, 46, 69
1, 38400, Note_on_c, 0, 62, 56
1, 38400, Note_on_c, 0, 65, 70
1, 38400, Note_off_c, 0, 23, 64
1, 38880, Note_off_c, 0, 22, 64
1, 39120, Note_on_c, 0, 53, 56
1, 39120, Note_on_c, 0, 58, 66
1, 39129, Note_off_c, 0, 46, 0
1, 39835, Note_off_c, 0, 53, 0
1, 39835, Note_off_c, 0, 58, 0
1, 39840, Note_on_c, 0, 53, 57
1, 39840, Note_on_c, 0, 58, 67
1, 39840, Note_on_c, 0, 67, 65
1, 39844, Note_off_c, 0, 62, 0
1, 39844, Note_off_c, 0, 65, 0
1, 40062, Note_off_c, 0, 67, 0
1, 40080, Note_on_c, 0, 65, 64
1, 40303, Note_off_c, 0, 65, 0
1, 40314, Note_off_c, 0, 53, 0
1, 40314, Note_off_c, 0, 58, 0
1, 40320, Note_on_c, 0, 22, 62
1, 40320, Note_on_c, 0, 23, 62
1, 40320, Note_on_c, 0, 36, 67
1, 40320, Note_on_c, 0, 60, 61
1, 40320, Note_on_c, 0, 63, 71
1, 40320, Note_off_c, 0, 23, 64
1, 40800, Note_off_c, 0, 22, 64
1, 41040, Note_on_c, 0, 55, 56
1, 41040, Note_on_c, 0, 58, 66
1, 41049, Note_off_c, 0, 36, 0
1, 41513, Note_off_c, 0, 60, 0
1, 41520, Note_on_c, 0, 63, 64
1, 41527, Note_off_c, 0, 63, 0
1, 41743, Note_off_c, 0, 63, 0
1, 41760, Note_on_c, 0, 67, 65
1, 41982, Note_off_c, 0, 67, 0
1, 42000, Note_on_c, 0, 70, 64
1, 42223, Note_off_c, 0, 70, 0
1, 42229, Note_off_c, 0, 55, 0
1, 42229, Note_off_c, 0, 58, 0
1, 42240, Note_on_c, 0, 22, 62
1, 42240, Note_on_c, 0, 23, 62
1, 42240, Note_on_c, 0, 44, 69
1, 42240, Note_on_c, 0, 63, 56
1, 42240, Note_on_c, 0, 68, 56
1, 42240, Note_on_c, 0, 72, 70
1, 42240, Note_off_c, 0, 23, 64
1, 42720, Note_off_c, 0, 22, 64
1, 42960, Note_on_c, 0, 51, 56
1, 42960, Note_on_c, 0, 56, 66
1, 42969, Note_off_c, 0, 44, 0
1, 43680, Note_on_c, 0, 75, 65
1, 43684, Note_off_c, 0, 63, 0
1, 43684, Note_off_c, 0, 68, 0
1, 43684, Note_off_c, 0, 72, 0
1, 43902, Note_off_c, 0, 75, 0
1, 43920, Note_on_c, 0, 72, 64
1, 44143, Note_off_c, 0, 72, 0
1, 44149, Note_off_c, 0, 51, 0
1, 44149, Note_off_c, 0, 56, 0
1, 44160, Note_on_c, 0, 22, 62
1, 44160, Note_on_c, 0, 23, 62
1, 44160, Note_on_c, 0, 39, 60
1, 44160, Note_on_c, 0, 51, 75
1, 44160, Note_on_c, 0, 58, 72
1, 44160, Note_on_c, 0, 63, 61
1, 44160, Note_on_c, 0, 67, 72
1, 44160, Note_on_c, 0, 70, 67
1, 44160, Note_off_c, 0, 23, 64
1, 44640, Note_off_c, 0, 22, 64
1, 44880, Note_on_c, 0, 55, 56
1, 44880, Note_on_c, 0, 58, 70
1, 44880, Note_on_c, 0, 63, 56
1, 44880, Note_on_c, 0, 70, 66
1, 44889, Note_off_c, 0, 39, 0
1, 44889, Note_off_c, 0, 51, 0
1, 44889, Note_off_c, 0, 58, 0
1, 44889, Note_off_c, 0, 63, 0
1, 44889, Note_off_c, 0, 67, 0
1, 44889, Note_off_c, 0, 70, 0
1, 45358, Note_off_c, 0, 55, 0
1, 45358, Note_off_c, 0, 58, 0
1, 45360, Note_on_c, 0, 55, 64
1, 45595, Note_off_c, 0, 63, 0
1, 45595, Note_off_c, 0, 70, 0
1, 45600, Note_on_c, 0, 63, 57
1, 45600, Note_on_c, 0, 75, 71
1, 45822, Note_off_c, 0, 63, 0
1, 45836, Note_off_c, 0, 75, 0
1, 45840, Note_on_c, 0, 65, 56
1, 45840, Note_on_c, 0, 77, 70
1, 46063, Note_off_c, 0, 65, 0
1, 46071, Note_off_c, 0, 55, 0
1, 46078, Note_off_c, 0, 77, 0
1, 46080, Note_on_c, 0, 22, 62
1, 46080, Note_on_c, 0, 23, 62
1, 46080, Note_on_c, 0, 46, 61
1, 46080, Note_on_c, 0, 53, 71
1, 46080, Note_on_c, 0, 58, 61
1, 46080, Note_on_c, 0, 62, 75
1, 46080, Note_off_c, 0, 23, 64
1, 46320, Note_on_c, 0, 46, 56
1, 46320, Note_on_c, 0, 53, 66
1, 46320, Note_on_c, 0, 58, 56
1, 46320, Note_on_c, 0, 62, 66
1, 46334, Note_off_c, 0, 46, 0
1, 46334, Note_off_c, 0, 53, 0
1, 46334, Note_off_c, 0, 58, 0
1, 46334, Note_off_c, 0, 62, 0
1, 46558, Note_off_c, 0, 46, 0
1, 46558, Note_off_c, 0, 53, 0
1, 46558, Note_off_c, 0, 58, 0
1, 46558, Note_off_c, 0, 62, 0
1, 46560, Note_on_c, 0, 46, 57
1, 46560, Note_on_c, 0, 53, 71
1, 46560, Note_on_c, 0, 58, 57
1, 46560, Note_on_c, 0, 62, 67
1, 46560, Note_off_c, 0, 22, 64
1, 46782, Note_off_c, 0, 46, 0
1, 46782, Note_off_c, 0, 53, 0
1, 46782, Note_off_c, 0, 58, 0
1, 46796, Note_off_c, 0, 62, 0
1, 46800, Note_on_c, 0, 63, 64
1, 46908, Control_c, 0, 7, 102
1, 47039, Note_off_c, 0, 63, 0
1, 47040, Note_on_c, 0, 63, 59
1, 47040, Note_on_c, 0, 67, 59
1, 47040, Note_on_c, 0, 75, 73
1, 47265, Note_off_c, 0, 63, 0
1, 47265, Note_off_c, 0, 67, 0
1, 47279, Note_off_c, 0, 75, 0
1, 47280, Note_on_c, 0, 62, 56
1, 47280, Note_on_c, 0, 65, 56
1, 47280, Note_on_c, 0, 74, 70
1, 47503, Note_off_c, 0, 62, 0
1, 47503, Note_off_c, 0, 65, 0
1, 47517, Note_off_c, 0, 74, 0
1, 47520, Note_on_c, 0, 60, 57
1, 47520, Note_on_c, 0, 63, 57
1, 47520, Note_on_c, 0, 72, 71
1, 47742, Note_off_c, 0, 60, 0
1, 47742, Note_off_c, 0, 63, 0
1, 47756, Note_off_c, 0, 72, 0
1, 47760, Note_on_c, 0, 62, 56
1, 47760, Note_on_c, 0, 65, 56
1, 47760, Note_on_c, 0, 74, 70
1, 47983, Note_off_c, 0, 62, 0
1, 47983, Note_off_c, 0, 65, 0
1, 47998, Note_off_c, 0, 74, 0
1, 48000, Note_on_c, 0, 22, 62
1, 48000, Note_on_c, 0, 23, 62
1, 48000, Note_on_c, 0, 36, 59
1, 48000, Note_on_c, 0, 48, 75
1, 48000, Note_on_c, 0, 63, 61
1, 48000, Note_on_c, 0, 67, 61
1, 48000, Note_on_c, 0, 72, 61
1, 48000, Note_on_c, 0, 75, 75
1, 48000, Note_off_c, 0, 23, 64
1, 48240, Note_off_c, 0, 36, 0
1, 48240, Note_on_c, 0, 48, 64
1, 48254, Note_off_c, 0, 48, 0
1, 48464, Note_off_c, 0, 48, 0
1, 48480, Note_on_c, 0, 51, 57
1, 48480, Note_on_c, 0, 55, 71
1, 48480, Note_on_c, 0, 67, 57
1, 48480, Note_on_c, 0, 75, 67
1, 48480, Note_off_c, 0, 22, 64
1, 48492, Note_off_c, 0, 63, 0
1, 48492, Note_off_c, 0, 67, 0
1, 48492, Note_off_c, 0, 72, 0
1, 48492, Note_off_c, 0, 75, 0
1, 48702, Note_off_c, 0, 51, 0
1, 48716, Note_off_c, 0, 55, 0
1, 48716, Note_off_c, 0, 67, 0
1, 48716, Note_off_c, 0, 75, 0
1, 48720, Note_on_c, 0, 48, 64
1, 48720, Note_on_c, 0, 67, 56
1, 48720, Note_on_c, 0, 75, 66
1, 48829, Note_off_c, 0, 48, 0
1, 48840, Note_on_c, 0, 51, 56
1, 48840, Note_on_c, 0, 55, 66
1, 48959, Note_off_c, 0, 67, 0
1, 48959, Note_off_c, 0, 75, 0
1, 48960, Note_on_c, 0, 67, 59
1, 48960, Note_on_c, 0, 75, 73
1, 49080, Note_on_c, 0, 51, 56
1, 49080, Note_on_c, 0, 55, 66
1, 49086, Note_off_c, 0, 51, 0
1, 49086, Note_off_c, 0, 55, 0
1, 49185, Note_off_c, 0, 67, 0
1, 49188, Note_off_c, 0, 51, 0
1, 49195, Note_off_c, 0, 55, 0
1, 49199, Note_off_c, 0, 75, 0
1, 49200, Note_on_c, 0, 48, 64
1, 49200, Note_on_c, 0, 65, 56
1, 49200, Note_on_c, 0, 72, 70
1, 49423, Note_off_c, 0, 48, 0
1, 49423, Note_off_c, 0, 65, 0
1, 49437, Note_off_c, 0, 72, 0
1, 49440, Note_on_c, 0, 51, 57
1, 49440, Note_on_c, 0, 55, 71
1, 49440, Note_on_c, 0, 67, 57
1, 49440, Note_on_c, 0, 74, 71
1, 49662, Note_off_c, 0, 51, 0
1, 49676, Note_off_c, 0, 55, 0
1, 49676, Note_off_c, 0, 67, 0
1, 49676, Note_off_c, 0, 74, 0
1, 49680, Note_on_c, 0, 48, 64
1, 49680, Note_on_c, 0, 67, 56
1, 49680, Note_on_c, 0, 74, 70
1, 49903, Note_off_c, 0, 48, 0
1, 49903, Note_off_c, 0, 67, 0
1, 49918, Note_off_c, 0, 74, 0
1, 49920, Note_on_c, 0, 22, 62
1, 49920, Note_on_c, 0, 23, 62
1, 49920, Note_on_c, 0, 44, 69
1, 49920, Note_on_c, 0, 63, 61
1, 49920, Note_on_c, 0, 68, 61
1, 49920, Note_on_c, 0, 72, 75
1, 49920, Note_off_c, 0, 23, 64
1, 50160, Note_on_c, 0, 44, 64
1, 50174, Note_off_c, 0, 44, 0
1, 50384, Note_off_c, 0, 44, 0
1, 50400, Note_on_c, 0, 48, 57
1, 50400, Note_on_c, 0, 51, 71
1, 50400, Note_on_c, 0, 68, 57
1, 50400, Note_on_c, 0, 72, 67
1, 50400, Note_off_c, 0, 22, 64
1, 50412, Note_off_c, 0, 63, 0
1, 50412, Note_off_c, 0, 68, 0
1, 50412, Note_off_c, 0, 72, 0
1, 50622, Note_off_c, 0, 48, 0
1, 50636, Note_off_c, 0, 51, 0
1, 50636, Note_off_c, 0, 68, 0
1, 50636, Note_off_c, 0, 72, 0
1, 50640, Note_on_c, 0, 44, 64
1, 50640, Note_on_c, 0, 68, 56
1, 50640, Note_on_c, 0, 72, 66
1, 50749, Note_off_c, 0, 44, 0
1, 50760, Note_on_c, 0, 48, 56
1, 50760, Note_on_c, 0, 51, 66
1, 50879, Note_off_c, 0, 68, 0
1, 50879, Note_off_c, 0, 72, 0
1, 50880, Note_on_c, 0, 68, 59
1, 50880, Note_on_c, 0, 72, 73
1, 51000, Note_on_c, 0, 48, 56
1, 51000, Note_on_c, 0, 51, 66
1, 51006, Note_off_c, 0, 48, 0
1, 51006, Note_off_c, 0, 51, 0
1, 51105, Note_off_c, 0, 68, 0
1, 51108, Note_off_c, 0, 48, 0
1, 51115, Note_off_c, 0, 51, 0
1, 51119, Note_off_c, 0, 72, 0
1, 51120, Note_on_c, 0, 44, 64
1, 51120, Note_on_c, 0, 67, 56
1, 51120, Note_on_c, 0, 70, 70
1, 51343, Note_off_c, 0, 44, 0
1, 51343, Note_off_c, 0, 67, 0
1, 51357, Note_off_c, 0, 70, 0
1, 51360, Note_on_c, 0, 48, 57
1, 51360, Note_on_c, 0, 51, 71
1, 51360, Note_on_c, 0, 62, 57
1, 51360, Note_on_c, 0, 65, 71
1, 51582, Note_off_c, 0, 48, 0
1, 51582, Note_off_c, 0, 62, 0
1, 51596, Note_off_c, 0, 51, 0
1, 51596, Note_off_c, 0, 65, 0
1, 51600, Note_on_c, 0, 44, 64
1, 51600, Note_on_c, 0, 60, 56
1, 51600, Note_on_c, 0, 63, 70
1, 51823, Note_off_c, 0, 44, 0
1, 51823, Note_off_c, 0, 60, 0
1, 51838, Note_off_c, 0, 63, 0
1, 51840, Note_on_c, 0, 22, 62
1, 51840, Note_on_c, 0, 23, 62
1, 51840, Note_on_c, 0, 39, 68
1, 51840, Note_on_c, 0, 58, 61
1, 51840, Note_on_c, 0, 63, 61
1, 51840, Note_on_c, 0, 67, 75
1, 51840, Note_off_c, 0, 23, 64
1, 52080, Note_off_c, 0, 58, 0
1, 52080, Note_off_c, 0, 63, 0
1, 52080, Note_on_c, 0, 39, 63
1, 52080, Note_on_c, 0, 67, 56
1, 52080, Note_on_c, 0, 70, 70
1, 52094, Note_off_c, 0, 39, 0
1, 52094, Note_off_c, 0, 67, 0
1, 52304, Note_off_c, 0, 39, 0
1, 52320, Note_on_c, 0, 46, 57
1, 52320, Note_on_c, 0, 51, 71
1, 52320, Note_off_c, 0, 22, 64
1, 52542, Note_off_c, 0, 46, 0
1, 52555, Note_off_c, 0, 67, 0
1, 52555, Note_off_c, 0, 70, 0
1, 52556, Note_off_c, 0, 51, 0
1, 52560, Note_on_c, 0, 39, 63
1, 52560, Note_on_c, 0, 67, 56
1, 52560, Note_on_c, 0, 70, 66
1, 52669, Note_off_c, 0, 39, 0
1, 52680, Note_on_c, 0, 46, 56
1, 52680, Note_on_c, 0, 51, 66
1, 52799, Note_off_c, 0, 67, 0
1, 52799, Note_off_c, 0, 70, 0
1, 52800, Note_on_c, 0, 67, 59
1, 52800, Note_on_c, 0, 70, 69
1, 52920, Note_on_c, 0, 46, 56
1, 52920, Note_on_c, 0, 51, 66
1, 52926, Note_off_c, 0, 46, 0
1, 52926, Note_off_c, 0, 51, 0
1, 53025, Note_off_c, 0, 67, 0
1, 53028, Note_off_c, 0, 46, 0
1, 53035, Note_off_c, 0, 51, 0
1, 53039, Note_off_c, 0, 70, 0
1, 53040, Note_on_c, 0, 39, 63
1, 53040, Note_on_c, 0, 65, 64
1, 53149, Note_off_c, 0, 65, 0
1, 53160, Note_on_c, 0, 67, 64
1, 53263, Note_off_c, 0, 39, 0
1, 53280, Note_on_c, 0, 46, 57
1, 53280, Note_on_c, 0, 51, 71
1, 53502, Note_off_c, 0, 46, 0
1, 53516, Note_off_c, 0, 51, 0
1, 53516, Note_off_c, 0, 67, 0
1, 53520, Note_on_c, 0, 39, 63
1, 53520, Note_on_c, 0, 67, 64
1, 53743, Note_off_c, 0, 39, 0
1, 53743, Note_off_c, 0, 67, 0
1, 53760, Note_on_c, 0, 22, 62
1, 53760, Note_on_c, 0, 23, 62
1, 53760, Note_on_c, 0, 46, 69
1, 53760, Note_on_c, 0, 62, 61
1, 53760, Note_on_c, 0, 65, 75
1, 53760, Note_off_c, 0, 23, 64
1, 54000, Note_on_c, 0, 46, 64
1, 54014, Note_off_c, 0, 46, 0
1, 54224, Note_off_c, 0, 46, 0
1, 54240, Note_on_c, 0, 50, 57
1, 54240, Note_on_c, 0, 53, 71
1, 54240, Note_off_c, 0, 22, 64
1, 54462, Note_off_c, 0, 50, 0
1, 54476, Note_off_c, 0, 53, 0
1, 54480, Note_on_c, 0, 46, 64
1, 54480, Note_on_c, 0, 63, 64
1, 54489, Note_off_c, 0, 62, 0
1, 54489, Note_off_c, 0, 65, 0
1, 54589, Note_off_c, 0, 46, 0
1, 54600, Note_on_c, 0, 50, 56
1, 54600, Note_on_c, 0, 53, 66
1, 54719, Note_off_c, 0, 63, 0
1, 54720, Note_on_c, 0, 63, 59
1, 54720, Note_on_c, 0, 67, 59
1, 54720, Note_on_c, 0, 75, 73
1, 54840, Note_on_c, 0, 50, 56
1, 54840, Note_on_c, 0, 53, 66
1, 54846, Note_off_c, 0, 50, 0
1, 54846, Note_off_c, 0, 53, 0
1, 54945, Note_off_c, 0, 63, 0
1, 54945, Note_off_c, 0, 67, 0
1, 54948, Note_off_c, 0, 50, 0
1, 54955, Note_off_c, 0, 53, 0
1, 54959, Note_off_c, 0, 75, 0
1, 54960, Note_on_c, 0, 46, 64
1, 54960, Note_on_c, 0, 62, 56
1, 54960, Note_on_c, 0, 65, 56
1, 54960, Note_on_c, 0, 74, 70
1, 55183, Note_off_c, 0, 46, 0
1, 55183, Note_off_c, 0, 62, 0
1, 55183, Note_off_c, 0, 65, 0
1, 55197, Note_off_c, 0, 74, 0
1, 55200, Note_on_c, 0, 50, 57
1, 55200, Note_on_c, 0, 53, 71
1, 55200, Note_on_c, 0, 60, 57
1, 55200, Note_on_c, 0, 63, 57
1, 55200, Note_on_c, 0, 72, 71
1, 55422, Note_off_c, 0, 50, 0
1, 55422, Note_off_c, 0, 60, 0
1, 55422, Note_off_c, 0, 63, 0
1, 55436, Note_off_c, 0, 53, 0
1, 55436, Note_off_c, 0, 72, 0
1, 55440, Note_on_c, 0, 46, 64
1, 55440, Note_on_c, 0, 62, 56
1, 55440, Note_on_c, 0, 65, 56
1, 55440, Note_on_c, 0, 74, 70
1, 55663, Note_off_c, 0, 46, 0
1, 55663, Note_off_c, 0, 62, 0
1, 55663, Note_off_c, 0, 65, 0
1, 55678, Note_off_c, 0, 74, 0
1, 55680, Note_on_c, 0, 22, 62
1, 55680, Note_on_c, 0, 23, 62
1, 55680, Note_on_c, 0, 36, 59
1, 55680, Note_on_c, 0, 48, 75
1, 55680, Note_on_c, 0, 63, 61
1, 55680, Note_on_c, 0, 67, 61
1, 55680, Note_on_c, 0, 72, 61
1, 55680, Note_on_c, 0, 75, 75
1, 55680, Note_off_c, 0, 23, 64
1, 55920, Note_off_c, 0, 36, 0
1, 55920, Note_on_c, 0, 48, 64
1, 55934, Note_off_c, 0, 48, 0
1, 56144, Note_off_c, 0, 48, 0
1, 56160, Note_on_c, 0, 51, 57
1, 56160, Note_on_c, 0, 55, 71
1, 56160, Note_on_c, 0, 67, 57
1, 56160, Note_on_c, 0, 75, 67
1, 56160, Note_off_c, 0, 22, 64
1, 56172, Note_off_c, 0, 63, 0
1, 56172, Note_off_c, 0, 67, 0
1, 56172, Note_off_c, 0, 72, 0
1, 56172, Note_off_c, 0, 75, 0
1, 56382, Note_off_c, 0, 51, 0
1, 56396, Note_off_c, 0, 55, 0
1, 56396, Note_off_c, 0, 67, 0
1, 56396, Note_off_c, 0, 75, 0
1, 56400, Note_on_c, 0, 48, 64
1, 56400, Note_on_c, 0, 67, 56
1, 56400, Note_on_c, 0, 75, 66
1, 56509, Note_off_c, 0, 48, 0
1, 56520, Note_on_c, 0, 51, 56
1, 56520, Note_on_c, 0, 55, 66
1, 56639, Note_off_c, 0, 67, 0
1, 56639, Note_off_c, 0, 75, 0
1, 56640, Note_on_c, 0, 67, 59
1, 56640, Note_on_c, 0, 75, 73
1, 56760, Note_on_c, 0, 51, 56
1, 56760, Note_on_c, 0, 55, 66
1, 56766, Note_off_c, 0, 51, 0
1, 56766, Note_off_c, 0, 55, 0
1, 56865, Note_off_c, 0, 67, 0
1, 56868, Note_off_c, 0, 51, 0
1, 56875, Note_off_c, 0, 55, 0
1, 56879, Note_off_c, 0, 75, 0
1, 56880, Note_on_c, 0, 48, 64
1, 56880, Note_on_c, 0, 65, 56
1, 56880, Note_on_c, 0, 72, 70
1, 57103, Note_off_c, 0, 48, 0
1, 57103, Note_off_c, 0, 65, 0
1, 57117, Note_off_c, 0, 72, 0
1, 57120, Note_on_c, 0, 51, 57
1, 57120, Note_on_c, 0, 55, 71
1, 57120, Note_on_c, 0, 67, 57
1, 57120, Note_on_c, 0, 74, 71
1, 57342, Note_off_c, 0, 51, 0
1, 57356, Note_off_c, 0, 55, 0
1, 57356, Note_off_c, 0, 67, 0
1, 57356, Note_off_c, 0, 74, 0
1, 57360, Note_on_c, 0, 48, 64
1, 57360, Note_on_c, 0, 67, 56
1, 57360, Note_on_c, 0, 74, 70
1, 57583, Note_off_c, 0, 48, 0
1, 57583, Note_off_c, 0, 67, 0
1, 57598, Note_off_c, 0, 74, 0
1, 57600, Note_on_c, 0, 22, 62
1, 57600, Note_on_c, 0, 23, 62
1, 57600, Note_on_c, 0, 44, 69
1, 57600, Note_on_c, 0, 63, 61
1, 57600, Note_on_c, 0, 68, 61
1, 57600, Note_on_c, 0, 72, 75
1, 57600, Note_off_c, 0, 23, 64
1, 57840, Note_on_c, 0, 44, 64
1, 57854, Note_off_c, 0, 44, 0
1, 58064, Note_off_c, 0, 44, 0
1, 58080, Note_on_c, 0, 48, 57
1, 58080, Note_on_c, 0, 51, 71
1, 58080, Note_on_c, 0, 68, 57
1, 58080, Note_on_c, 0, 72, 67
1, 58080, Note_off_c, 0, 22, 64
1, 58092, Note_off_c, 0, 63, 0
1, 58092, Note_off_c, 0, 68, 0
1, 58092, Note_off_c, 0, 72, 0
1, 58302, Note_off_c, 0, 48, 0
1, 58316, Note_off_c, 0, 51, 0
1, 58316, Note_off_c, 0, 68, 0
1, 58316, Note_off_c, 0, 72, 0
1, 58320, Note_on_c, 0, 44, 64
1, 58320, Note_on_c, 0, 68, 56
1, 58320, Note_on_c, 0, 72, 70
1, 58429, Note_off_c, 0, 44, 0
1, 58440, Note_on_c, 0, 48, 56
1, 58440, Note_on_c, 0, 51, 66
1, 58545, Note_off_c, 0, 68, 0
1, 58559, Note_off_c, 0, 72, 0
1, 58560, Note_on_c, 0, 67, 59
1, 58560, Note_on_c, 0, 75, 73
1, 58680, Note_on_c, 0, 48, 56
1, 58680, Note_on_c, 0, 51, 66
1, 58686, Note_off_c, 0, 48, 0
1, 58686, Note_off_c, 0, 51, 0
1, 58785, Note_off_c, 0, 67, 0
1, 58788, Note_off_c, 0, 48, 0
1, 58795, Note_off_c, 0, 51, 0
1, 58799, Note_off_c, 0, 75, 0
1, 58800, Note_on_c, 0, 44, 64
1, 58800, Note_on_c, 0, 68, 56
1, 58800, Note_on_c, 0, 77, 70
1, 59023, Note_off_c, 0, 44, 0
1, 59023, Note_off_c, 0, 68, 0
1, 59037, Note_off_c, 0, 77, 0
1, 59040, Note_on_c, 0, 48, 57
1, 59040, Note_on_c, 0, 51, 71
1, 59040, Note_on_c, 0, 67, 57
1, 59040, Note_on_c, 0, 75, 71
1, 59262, Note_off_c, 0, 48, 0
1, 59262, Note_off_c, 0, 67, 0
1, 59276, Note_off_c, 0, 51, 0
1, 59276, Note_off_c, 0, 75, 0
1, 59280, Note_on_c, 0, 44, 64
1, 59280, Note_on_c, 0, 68, 56
1, 59280, Note_on_c, 0, 77, 70
1, 59503, Note_off_c, 0, 44, 0
1, 59503, Note_off_c, 0, 68, 0
1, 59518, Note_off_c, 0, 77, 0
1, 59520, Note_on_c, 0, 22, 62
1, 59520, Note_on_c, 0, 23, 62
1, 59520, Note_on_c, 0, 39, 68
1, 59520, Note_on_c, 0, 70, 61
1, 59520, Note_on_c, 0, 79, 75
1, 59520, Note_off_c, 0, 23, 64
1, 59760, Note_on_c, 0, 39, 63
1, 59774, Note_off_c, 0, 39, 0
1, 59984, Note_off_c, 0, 39, 0
1, 60000, Note_on_c, 0, 46, 57
1, 60000, Note_on_c, 0, 51, 71
1, 60000, Note_off_c, 0, 22, 64
1, 60222, Note_off_c, 0, 46, 0
1, 60236, Note_off_c, 0, 51, 0
1, 60240, Note_on_c, 0, 39, 63
1, 60240, Note_on_c, 0, 70, 56
1, 60240, Note_on_c, 0, 79, 70
1, 60249, Note_off_c, 0, 70, 0
1, 60249, Note_off_c, 0, 79, 0
1, 60349, Note_off_c, 0, 39, 0
1, 60360, Note_on_c, 0, 46, 56
1, 60360, Note_on_c, 0, 51, 66
1, 60465, Note_off_c, 0, 70, 0
1, 60479, Note_off_c, 0, 79, 0
1, 60480, Note_on_c, 0, 72, 59
1, 60480, Note_on_c, 0, 80, 73
1, 60600, Note_on_c, 0, 46, 56
1, 60600, Note_on_c, 0, 51, 66
1, 60606, Note_off_c, 0, 46, 0
1, 60606, Note_off_c, 0, 51, 0
1, 60708, Note_off_c, 0, 46, 0
1, 60715, Note_off_c, 0, 51, 0
1, 60720, Note_on_c, 0, 39, 63
1, 60943, Note_off_c, 0, 39, 0
1, 60956, Note_off_c, 0, 72, 0
1, 60956, Note_off_c, 0, 80, 0
1, 60960, Note_on_c, 0, 46, 57
1, 60960, Note_on_c, 0, 51, 71
1, 60960, Note_on_c, 0, 70, 57
1, 60960, Note_on_c, 0, 79, 71
1, 61182, Note_off_c, 0, 46, 0
1, 61196, Note_off_c, 0, 51, 0
1, 61196, Note_off_c, 0, 70, 0
1, 61196, Note_off_c, 0, 79, 0
1, 61200, Note_on_c, 0, 39, 63
1, 61200, Note_on_c, 0, 70, 56
1, 61200, Note_on_c, 0, 79, 66
1, 61423, Note_off_c, 0, 39, 0
1, 61440, Note_on_c, 0, 22, 62
1, 61440, Note_on_c, 0, 23, 62
1, 61440, Note_on_c, 0, 46, 69
1, 61440, Note_off_c, 0, 23, 64
1, 61679, Note_off_c, 0, 70, 0
1, 61680, Note_on_c, 0, 46, 64
1, 61680, Note_on_c, 0, 68, 56
1, 61680, Note_on_c, 0, 77, 70
1, 61693, Note_off_c, 0, 79, 0
1, 61693, Note_off_c, 0, 46, 0
1, 61904, Note_off_c, 0, 46, 0
1, 61920, Note_on_c, 0, 50, 57
1, 61920, Note_on_c, 0, 53, 71
1, 61920, Note_off_c, 0, 22, 64
1, 62142, Note_off_c, 0, 50, 0
1, 62155, Note_off_c, 0, 68, 0
1, 62155, Note_off_c, 0, 77, 0
1, 62156, Note_off_c, 0, 53, 0
1, 62160, Note_on_c, 0, 46, 64
1, 62160, Note_on_c, 0, 65, 56
1, 62160, Note_on_c, 0, 74, 70
1, 62269, Note_off_c, 0, 46, 0
1, 62280, Note_on_c, 0, 50, 56
1, 62280, Note_on_c, 0, 53, 66
1, 62399, Note_off_c, 0, 65, 0
1, 62399, Note_off_c, 0, 74, 0
1, 62400, Note_on_c, 0, 65, 59
1, 62400, Note_on_c, 0, 74, 73
1, 62520, Note_on_c, 0, 50, 56
1, 62520, Note_on_c, 0, 53, 66
1, 62526, Note_off_c, 0, 50, 0
1, 62526, Note_off_c, 0, 53, 0
1, 62628, Note_off_c, 0, 50, 0
1, 62635, Note_off_c, 0, 53, 0
1, 62640, Note_on_c, 0, 46, 64
1, 62863, Note_off_c, 0, 46, 0
1, 62876, Note_off_c, 0, 65, 0
1, 62876, Note_off_c, 0, 74, 0
1, 62880, Note_on_c, 0, 50, 57
1, 62880, Note_on_c, 0, 53, 71
1, 62880, Note_on_c, 0, 67, 57
1, 62880, Note_on_c, 0, 75, 71
1, 63102, Note_off_c, 0, 50, 0
1, 63116, Note_off_c, 0, 53, 0
1, 63116, Note_off_c, 0, 67, 0
1, 63116, Note_off_c, 0, 75, 0
1, 63120, Note_on_c, 0, 46, 64
1, 63120, Note_on_c, 0, 67, 56
1, 63120, Note_on_c, 0, 75, 66
1, 63343, Note_off_c, 0, 46, 0
1, 63360, Note_on_c, 0, 22, 62
1, 63360, Note_on_c, 0, 23, 62
1, 63360, Note_on_c, 0, 44, 69
1, 63360, Note_off_c, 0, 23, 64
1, 63600, Note_on_c, 0, 44, 64
1, 63614, Note_off_c, 0, 44, 0
1, 63824, Note_off_c, 0, 44, 0
1, 63840, Note_on_c, 0, 48, 57
1, 63840, Note_on_c, 0, 51, 71
1, 63840, Note_off_c, 0, 22, 64
1, 64062, Note_off_c, 0, 48, 0
1, 64076, Note_off_c, 0, 51, 0
1, 64080, Note_on_c, 0, 44, 64
1, 64189, Note_off_c, 0, 44, 0
1, 64200, Note_on_c, 0, 48, 56
1, 64200, Note_on_c, 0, 51, 66
1, 64440, Note_on_c, 0, 48, 56
1, 64440, Note_on_c, 0, 51, 66
1, 64446, Note_off_c, 0, 48, 0
1, 64446, Note_off_c, 0, 51, 0
1, 64548, Note_off_c, 0, 48, 0
1, 64555, Note_off_c, 0, 51, 0
1, 64560, Note_on_c, 0, 44, 64
1, 64783, Note_off_c, 0, 44, 0
1, 64800, Note_on_c, 0, 48, 57
1, 64800, Note_on_c, 0, 51, 71
1, 64800, Note_on_c, 0, 72, 65
1, 64803, Note_off_c, 0, 67, 0
1, 64803, Note_off_c, 0, 75, 0
1, 65022, Note_off_c, 0, 48, 0
1, 65022, Note_off_c, 0, 72, 0
1, 65036, Note_off_c, 0, 51, 0
1, 65040, Note_on_c, 0, 44, 64
1, 65040, Note_on_c, 0, 70, 64
1, 65263, Note_off_c, 0, 44, 0
1, 65263, Note_off_c, 0, 70, 0
1, 65280, Note_on_c, 0, 22, 62
1, 65280, Note_on_c, 0, 23, 62
1, 65280, Note_on_c, 0, 39, 68
1, 65280, Note_on_c, 0, 58, 56
1, 65280, Note_on_c, 0, 63, 56
1, 65280, Note_on_c, 0, 67, 70
1, 65280, Note_off_c, 0, 23, 64
1, 65520, Note_on_c, 0, 39, 63
1, 65534, Note_off_c, 0, 39, 0
1, 65744, Note_off_c, 0, 39, 0
1, 65760, Note_on_c, 0, 46, 57
1, 65760, Note_on_c, 0, 51, 71
1, 65760, Note_off_c, 0, 22, 64
1, 65982, Note_off_c, 0, 46, 0
1, 65996, Note_off_c, 0, 51, 0
1, 66000, Note_on_c, 0, 39, 63
1, 66109, Note_off_c, 0, 39, 0
1, 66120, Note_on_c, 0, 46, 56
1, 66120, Note_on_c, 0, 51, 66
1, 66360, Note_on_c, 0, 46, 56
1, 66360, Note_on_c, 0, 51, 66
1, 66366, Note_off_c, 0, 46, 0
1, 66366, Note_off_c, 0, 51, 0
1, 66468, Note_off_c, 0, 46, 0
1, 66475, Note_off_c, 0, 51, 0
1, 66480, Note_on_c, 0, 39, 63
1, 66703, Note_off_c, 0, 39, 0
1, 66720, Note_on_c, 0, 46, 57
1, 66720, Note_on_c, 0, 51, 71
1, 66942, Note_off_c, 0, 46, 0
1, 66956, Note_off_c, 0, 51, 0
1, 66960, Note_on_c, 0, 39, 63
1, 67183, Note_off_c, 0, 39, 0
1, 67198, Note_off_c, 0, 58, 0
1, 67198, Note_off_c, 0, 63, 0
1, 67198, Note_off_c, 0, 67, 0
1, 67200, Note_on_c, 0, 22, 62
1, 67200, Note_on_c, 0, 23, 62
1, 67200, Note_on_c, 0, 46, 56
1, 67200, Note_on_c, 0, 53, 70
1, 67200, Note_on_c, 0, 62, 56
1, 67200, Note_on_c, 0, 65, 70
1, 67200, Note_off_c, 0, 23, 64
1, 67680, Note_off_c, 0, 22, 64
1, 69118, Note_off_c, 0, 46, 0
1, 69118, Note_off_c, 0, 53, 0
1, 69118, Note_off_c, 0, 62, 0
1, 69118, Note_off_c, 0, 65, 0
1, 69120, Note_on_c, 0, 22, 62
1, 69120, Note_on_c, 0, 23, 62
1, 69120, Note_on_c, 0, 36, 67
1, 69120, Note_on_c, 0, 55, 61
1, 69120, Note_on_c, 0, 58, 61
1, 69120, Note_on_c, 0, 63, 75
1, 69120, Note_off_c, 0, 23, 64
1, 69600, Note_on_c, 0, 63, 65
1, 69600, Note_off_c, 0, 22, 64
1, 69612, Note_off_c, 0, 55, 0
1, 69612, Note_off_c, 0, 58, 0
1, 69612, Note_off_c, 0, 63, 0
1, 69836, Note_off_c, 0, 63, 0
1, 69840, Note_on_c, 0, 43, 64
1, 69840, Note_on_c, 0, 63, 64
1, 69849, Note_off_c, 0, 36, 0
1, 70079, Note_off_c, 0, 63, 0
1, 70080, Note_on_c, 0, 63, 67
1, 70319, Note_off_c, 0, 63, 0
1, 70320, Note_on_c, 0, 63, 64
1, 70543, Note_off_c, 0, 63, 0
1, 70560, Note_on_c, 0, 65, 65
1, 70782, Note_off_c, 0, 65, 0
1, 70800, Note_on_c, 0, 63, 64
1, 70916, Note_off_c, 0, 63, 0
1, 70920, Note_on_c, 0, 63, 64
1, 71029, Note_off_c, 0, 43, 0
1, 71040, Note_on_c, 0, 22, 62
1, 71040, Note_on_c, 0, 23, 62
1, 71040, Note_on_c, 0, 44, 69
1, 71040, Note_off_c, 0, 23, 64
1, 71520, Note_off_c, 0, 22, 64
1, 71760, Note_on_c, 0, 51, 64
1, 71760, Note_on_c, 0, 63, 64
1, 71769, Note_off_c, 0, 44, 0
1, 71772, Note_off_c, 0, 63, 0
1, 71999, Note_off_c, 0, 63, 0
1, 72000, Note_on_c, 0, 63, 67
1, 72239, Note_off_c, 0, 63, 0
1, 72240, Note_on_c, 0, 63, 64
1, 72477, Note_off_c, 0, 63, 0
1, 72480, Note_on_c, 0, 63, 65
1, 72702, Note_off_c, 0, 63, 0
1, 72720, Note_on_c, 0, 65, 64
1, 72829, Note_off_c, 0, 65, 0
1, 72840, Note_on_c, 0, 67, 64
1, 72949, Note_off_c, 0, 51, 0
1, 72960, Note_on_c, 0, 22, 62
1, 72960, Note_on_c, 0, 23, 62
1, 72960, Note_on_c, 0, 39, 68
1, 72960, Note_off_c, 0, 23, 64
1, 73440, Note_off_c, 0, 22, 64
1, 73680, Note_on_c, 0, 51, 64
1, 73689, Note_off_c, 0, 39, 0
1, 73800, Note_on_c, 0, 58, 64
1, 73808, Note_off_c, 0, 67, 0
1, 73905, Note_off_c, 0, 51, 0
1, 73915, Note_off_c, 0, 58, 0
1, 73920, Note_on_c, 0, 53, 67
1, 73920, Note_on_c, 0, 67, 67
1, 74145, Note_off_c, 0, 53, 0
1, 74159, Note_off_c, 0, 67, 0
1, 74160, Note_on_c, 0, 55, 64
1, 74160, Note_on_c, 0, 67, 64
1, 74383, Note_off_c, 0, 55, 0
1, 74383, Note_off_c, 0, 67, 0
1, 74400, Note_on_c, 0, 58, 65
1, 74400, Note_on_c, 0, 68, 65
1, 74622, Note_off_c, 0, 68, 0
1, 74640, Note_on_c, 0, 67, 64
1, 74863, Note_off_c, 0, 67, 0
1, 74874, Note_off_c, 0, 58, 0
1, 74880, Note_on_c, 0, 22, 62
1, 74880, Note_on_c, 0, 23, 62
1, 74880, Note_on_c, 0, 46, 56
1, 74880, Note_on_c, 0, 53, 70
1, 74880, Note_on_c, 0, 58, 61
1, 74880, Note_on_c, 0, 63, 61
1, 74880, Note_on_c, 0, 65, 75
1, 74880, Note_off_c, 0, 23, 64
1, 75360, Note_off_c, 0, 22, 64
1, 75600, Note_on_c, 0, 58, 56
1, 75600, Note_on_c, 0, 62, 70
1, 75609, Note_off_c, 0, 58, 0
1, 75609, Note_off_c, 0, 63, 0
1, 75609, Note_off_c, 0, 65, 0
1, 76551, Note_off_c, 0, 58, 0
1, 76551, Note_off_c, 0, 62, 0
1, 76560, Note_on_c, 0, 60, 64
1, 76669, Note_off_c, 0, 60, 0
1, 76680, Note_on_c, 0, 62, 64
1, 76794, Note_off_c, 0, 62, 0
1, 76798, Note_off_c, 0, 46, 0
1, 76798, Note_off_c, 0, 53, 0
1, 76800, Note_on_c, 0, 22, 62
1, 76800, Note_on_c, 0, 23, 62
1, 76800, Note_on_c, 0, 36, 67
1, 76800, Note_on_c, 0, 55, 61
1, 76800, Note_on_c, 0, 58, 61
1, 76800, Note_on_c, 0, 63, 75
1, 76800, Note_off_c, 0, 23, 64
1, 77280, Note_on_c, 0, 63, 65
1, 77280, Note_off_c, 0, 22, 64
1, 77292, Note_off_c, 0, 55, 0
1, 77292, Note_off_c, 0, 58, 0
1, 77292, Note_off_c, 0, 63, 0
1, 77516, Note_off_c, 0, 63, 0
1, 77520, Note_on_c, 0, 43, 56
1, 77520, Note_on_c, 0, 48, 66
1, 77520, Note_on_c, 0, 63, 64
1, 77529, Note_off_c, 0, 36, 0
1, 77759, Note_off_c, 0, 63, 0
1, 77760, Note_on_c, 0, 63, 67
1, 77999, Note_off_c, 0, 63, 0
1, 78000, Note_on_c, 0, 63, 64
1, 78223, Note_off_c, 0, 63, 0
1, 78240, Note_on_c, 0, 65, 65
1, 78462, Note_off_c, 0, 65, 0
1, 78480, Note_on_c, 0, 63, 64
1, 78709, Note_off_c, 0, 43, 0
1, 78709, Note_off_c, 0, 48, 0
1, 78718, Note_off_c, 0, 63, 0
1, 78720, Note_on_c, 0, 22, 62
1, 78720, Note_on_c, 0, 23, 62
1, 78720, Note_on_c, 0, 44, 69
1, 78720, Note_on_c, 0, 63, 69
1, 78720, Note_off_c, 0, 23, 64
1, 79200, Note_off_c, 0, 22, 64
1, 79440, Note_on_c, 0, 51, 56
1, 79440, Note_on_c, 0, 56, 66
1, 79440, Note_on_c, 0, 58, 64
1, 79449, Note_off_c, 0, 44, 0
1, 79449, Note_off_c, 0, 63, 0
1, 79665, Note_off_c, 0, 58, 0
1, 79680, Note_on_c, 0, 63, 67
1, 79919, Note_off_c, 0, 63, 0
1, 79920, Note_on_c, 0, 63, 64
1, 80157, Note_off_c, 0, 63, 0
1, 80160, Note_on_c, 0, 63, 65
1, 80382, Note_off_c, 0, 63, 0
1, 80400, Note_on_c, 0, 65, 64
1, 80509, Note_off_c, 0, 65, 0
1, 80520, Note_on_c, 0, 67, 64
1, 80629, Note_off_c, 0, 51, 0
1, 80629, Note_off_c, 0, 56, 0
1, 80640, Note_on_c, 0, 22, 62
1, 80640, Note_on_c, 0, 23, 62
1, 80640, Note_on_c, 0, 39, 68
1, 80640, Note_off_c, 0, 23, 64
1, 81120, Note_off_c, 0, 22, 64
1, 81360, Note_on_c, 0, 46, 56
1, 81360, Note_on_c, 0, 51, 66
1, 81369, Note_off_c, 0, 39, 0
1, 81480, Note_on_c, 0, 58, 64
1, 81488, Note_off_c, 0, 67, 0
1, 81595, Note_off_c, 0, 58, 0
1, 81600, Note_on_c, 0, 70, 67
1, 81839, Note_off_c, 0, 70, 0
1, 81840, Note_on_c, 0, 70, 64
1, 82077, Note_off_c, 0, 70, 0
1, 82080, Note_on_c, 0, 70, 65
1, 82302, Note_off_c, 0, 70, 0
1, 82320, Note_on_c, 0, 63, 64
1, 82549, Note_off_c, 0, 46, 0
1, 82549, Note_off_c, 0, 51, 0
1, 82558, Note_off_c, 0, 63, 0
1, 82560, Note_on_c, 0, 22, 62
1, 82560, Note_on_c, 0, 23, 62
1, 82560, Note_on_c, 0, 46, 69
1, 82560, Note_on_c, 0, 63, 61
1, 82560, Note_on_c, 0, 65, 75
1, 82560, Note_off_c, 0, 23, 64
1, 83040, Note_off_c, 0, 22, 64
1, 83280, Note_on_c, 0, 53, 56
1, 83280, Note_on_c, 0, 58, 66
1, 83280, Note_on_c, 0, 62, 64
1, 83289, Note_off_c, 0, 46, 0
1, 83289, Note_off_c, 0, 63, 0
1, 83289, Note_off_c, 0, 65, 0
1, 83995, Note_off_c, 0, 53, 0
1, 83995, Note_off_c, 0, 58, 0
1, 83995, Note_off_c, 0, 62, 0
1, 84000, Note_on_c, 0, 53, 57
1, 84000, Note_on_c, 0, 58, 67
1, 84000, Note_on_c, 0, 67, 65
1, 84222, Note_off_c, 0, 67, 0
1, 84240, Note_on_c, 0, 65, 64
1, 84463, Note_off_c, 0, 65, 0
1, 84474, Note_off_c, 0, 53, 0
1, 84474, Note_off_c, 0, 58, 0
1, 84480, Note_on_c, 0, 22, 62
1, 84480, Note_on_c, 0, 23, 62
1, 84480, Note_on_c, 0, 36, 67
1, 84480, Note_on_c, 0, 60, 61
1, 84480, Note_on_c, 0, 63, 75
1, 84480, Note_off_c, 0, 23, 64
1, 84960, Note_on_c, 0, 70, 65
1, 84960, Note_off_c, 0, 22, 64
1, 84972, Note_off_c, 0, 60, 0
1, 84972, Note_off_c, 0, 63, 0
1, 85182, Note_off_c, 0, 70, 0
1, 85200, Note_on_c, 0, 43, 56
1, 85200, Note_on_c, 0, 48, 66
1, 85200, Note_on_c, 0, 63, 64
1, 85209, Note_off_c, 0, 36, 0
1, 85309, Note_off_c, 0, 63, 0
1, 85320, Note_on_c, 0, 70, 64
1, 85667, Note_off_c, 0, 70, 0
1, 85680, Note_on_c, 0, 63, 64
1, 85903, Note_off_c, 0, 63, 0
1, 85920, Note_on_c, 0, 67, 65
1, 86142, Note_off_c, 0, 67, 0
1, 86160, Note_on_c, 0, 70, 64
1, 86389, Note_off_c, 0, 43, 0
1, 86389, Note_off_c, 0, 48, 0
1, 86398, Note_off_c, 0, 70, 0
1, 86400, Note_on_c, 0, 22, 62
1, 86400, Note_on_c, 0, 23, 62
1, 86400, Note_on_c, 0, 44, 69
1, 86400, Note_on_c, 0, 63, 56
1, 86400, Note_on_c, 0, 70, 56
1, 86400, Note_on_c, 0, 72, 62
1, 86400, Note_off_c, 0, 23, 64
1, 86880, Note_off_c, 0, 22, 64
1, 87120, Note_on_c, 0, 51, 56
1, 87120, Note_on_c, 0, 56, 66
1, 87129, Note_off_c, 0, 44, 0
1, 87840, Note_on_c, 0, 72, 65
1, 87844, Note_off_c, 0, 63, 0
1, 87844, Note_off_c, 0, 70, 0
1, 87844, Note_off_c, 0, 72, 0
1, 88062, Note_off_c, 0, 72, 0
1, 88080, Note_on_c, 0, 70, 64
1, 88309, Note_off_c, 0, 51, 0
1, 88309, Note_off_c, 0, 56, 0
1, 88318, Note_off_c, 0, 70, 0
1, 88320, Note_on_c, 0, 22, 62
1, 88320, Note_on_c, 0, 23, 62
1, 88320, Note_on_c, 0, 39, 68
1, 88320, Note_on_c, 0, 58, 61
1, 88320, Note_on_c, 0, 63, 61
1, 88320, Note_on_c, 0, 68, 61
1, 88320, Note_on_c, 0, 70, 75
1, 88320, Note_off_c, 0, 23, 64
1, 88800, Note_on_c, 0, 70, 65
1, 88800, Note_off_c, 0, 22, 64
1, 88812, Note_off_c, 0, 58, 0
1, 88812, Note_off_c, 0, 63, 0
1, 88812, Note_off_c, 0, 68, 0
1, 88812, Note_off_c, 0, 70, 0
1, 89036, Note_off_c, 0, 70, 0
1, 89040, Note_on_c, 0, 46, 56
1, 89040, Note_on_c, 0, 51, 66
1, 89040, Note_on_c, 0, 70, 64
1, 89049, Note_off_c, 0, 39, 0
1, 89755, Note_off_c, 0, 70, 0
1, 89760, Note_on_c, 0, 67, 65
1, 90229, Note_off_c, 0, 46, 0
1, 90229, Note_off_c, 0, 51, 0
1, 90234, Note_off_c, 0, 67, 0
1, 90240, Note_on_c, 0, 22, 62
1, 90240, Note_on_c, 0, 23, 62
1, 90240, Note_on_c, 0, 46, 69
1, 90240, Note_on_c, 0, 62, 56
1, 90240, Note_on_c, 0, 65, 70
1, 90240, Note_off_c, 0, 23, 64
1, 90720, Note_off_c, 0, 22, 64
1, 90960, Note_on_c, 0, 53, 56
1, 90960, Note_on_c, 0, 58, 66
1, 90969, Note_off_c, 0, 46, 0
1, 91675, Note_off_c, 0, 53, 0
1, 91675, Note_off_c, 0, 58, 0
1, 91680, Note_on_c, 0, 53, 57
1, 91680, Note_on_c, 0, 58, 67
1, 91680, Note_on_c, 0, 67, 65
1, 91684, Note_off_c, 0, 62, 0
1, 91684, Note_off_c, 0, 65, 0
1, 91902, Note_off_c, 0, 67, 0
1, 91920, Note_on_c, 0, 65, 64
1, 92143, Note_off_c, 0, 65, 0
1, 92154, Note_off_c, 0, 53, 0
1, 92154, Note_off_c, 0, 58, 0
1, 92160, Note_on_c, 0, 22, 62
1, 92160, Note_on_c, 0, 23, 62
1, 92160, Note_on_c, 0, 36, 67
1, 92160, Note_on_c, 0, 60, 61
1, 92160, Note_on_c, 0, 63, 71
1, 92160, Note_off_c, 0, 23, 64
1, 92640, Note_off_c, 0, 22, 64
1, 92880, Note_on_c, 0, 55, 56
1, 92880, Note_on_c, 0, 58, 66
1, 92889, Note_off_c, 0, 36, 0
1, 93353, Note_off_c, 0, 60, 0
1, 93360, Note_on_c, 0, 63, 64
1, 93367, Note_off_c, 0, 63, 0
1, 93583, Note_off_c, 0, 63, 0
1, 93600, Note_on_c, 0, 67, 65
1, 93822, Note_off_c, 0, 67, 0
1, 93840, Note_on_c, 0, 70, 64
1, 94063, Note_off_c, 0, 70, 0
1, 94069, Note_off_c, 0, 55, 0
1, 94069, Note_off_c, 0, 58, 0
1, 94080, Note_on_c, 0, 22, 62
1, 94080, Note_on_c, 0, 23, 62
1, 94080, Note_on_c, 0, 44, 69
1, 94080, Note_on_c, 0, 63, 56
1, 94080, Note_on_c, 0, 68, 56
1, 94080, Note_on_c, 0, 72, 70
1, 94080, Note_off_c, 0, 23, 64
1, 94560, Note_off_c, 0, 22, 64
1, 94800, Note_on_c, 0, 51, 56
1, 94800, Note_on_c, 0, 56, 66
1, 94809, Note_off_c, 0, 44, 0
1, 95520, Note_on_c, 0, 75, 65
1, 95524, Note_off_c, 0, 63, 0
1, 95524, Note_off_c, 0, 68, 0
1, 95524, Note_off_c, 0, 72, 0
1, 95742, Note_off_c, 0, 75, 0
1, 95760, Note_on_c, 0, 72, 64
1, 95983, Note_off_c, 0, 72, 0
1, 95989, Note_off_c, 0, 51, 0
1, 95989, Note_off_c, 0, 56, 0
1, 96000, Note_on_c, 0, 22, 62
1, 96000, Note_on_c, 0, 23, 62
1, 96000, Note_on_c, 0, 39, 60
1, 96000, Note_on_c, 0, 51, 75
1, 96000, Note_on_c, 0, 58, 72
1, 96000, Note_on_c, 0, 63, 61
1, 96000, Note_on_c, 0, 67, 72
1, 96000, Note_on_c, 0, 70, 67
1, 96000, Note_off_c, 0, 23, 64
1, 96480, Note_off_c, 0, 22, 64
1, 96720, Note_on_c, 0, 55, 56
1, 96720, Note_on_c, 0, 58, 70
1, 96720, Note_on_c, 0, 63, 56
1, 96720, Note_on_c, 0, 70, 66
1, 96729, Note_off_c, 0, 39, 0
1, 96729, Note_off_c, 0, 51, 0
1, 96729, Note_off_c, 0, 58, 0
1, 96729, Note_off_c, 0, 63, 0
1, 96729, Note_off_c, 0, 67, 0
1, 96729, Note_off_c, 0, 70, 0
1, 97198, Note_off_c, 0, 55, 0
1, 97198, Note_off_c, 0, 58, 0
1, 97200, Note_on_c, 0, 55, 64
1, 97435, Note_off_c, 0, 63, 0
1, 97435, Note_off_c, 0, 70, 0
1, 97440, Note_on_c, 0, 63, 57
1, 97440, Note_on_c, 0, 75, 71
1, 97662, Note_off_c, 0, 63, 0
1, 97676, Note_off_c, 0, 75, 0
1, 97680, Note_on_c, 0, 65, 56
1, 97680, Note_on_c, 0, 77, 70
1, 97903, Note_off_c, 0, 65, 0
1, 97911, Note_off_c, 0, 55, 0
1, 97918, Note_off_c, 0, 77, 0
1, 97920, Note_on_c, 0, 22, 62
1, 97920, Note_on_c, 0, 23, 62
1, 97920, Note_on_c, 0, 46, 61
1, 97920, Note_on_c, 0, 53, 71
1, 97920, Note_on_c, 0, 58, 61
1, 97920, Note_on_c, 0, 62, 75
1, 97920, Note_off_c, 0, 23, 64
1, 98160, Note_on_c, 0, 46, 56
1, 98160, Note_on_c, 0, 53, 66
1, 98160, Note_on_c, 0, 58, 56
1, 98160, Note_on_c, 0, 62, 66
1, 98174, Note_off_c, 0, 46, 0
1, 98174, Note_off_c, 0, 53, 0
1, 98174, Note_off_c, 0, 58, 0
1, 98174, Note_off_c, 0, 62, 0
1, 98398, Note_off_c, 0, 46, 0
1, 98398, Note_off_c, 0, 53, 0
1, 98398, Note_off_c, 0, 58, 0
1, 98398, Note_off_c, 0, 62, 0
1, 98400, Note_on_c, 0, 46, 57
1, 98400, Note_on_c, 0, 53, 71
1, 98400, Note_on_c, 0, 58, 57
1, 98400, Note_on_c, 0, 62, 67
1, 98400, Note_off_c, 0, 22, 64
1, 98622, Note_off_c, 0, 46, 0
1, 98622, Note_off_c, 0, 53, 0
1, 98622, Note_off_c, 0, 58, 0
1, 98636, Note_off_c, 0, 62, 0
1, 98640, Note_on_c, 0, 63, 64
1, 98879, Note_off_c, 0, 63, 0
1, 98880, Note_on_c, 0, 63, 59
1, 98880, Note_on_c, 0, 67, 59
1, 98880, Note_on_c, 0, 75, 73
1, 99105, Note_off_c, 0, 63, 0
1, 99105, Note_off_c, 0, 67, 0
1, 99119, Note_off_c, 0, 75, 0
1, 99120, Note_on_c, 0, 62, 56
1, 99120, Note_on_c, 0, 65, 56
1, 99120, Note_on_c, 0, 74, 70
1, 99343, Note_off_c, 0, 62, 0
1, 99343, Note_off_c, 0, 65, 0
1, 99357, Note_off_c, 0, 74, 0
1, 99360, Note_on_c, 0, 60, 57
1, 99360, Note_on_c, 0, 63, 57
1, 99360, Note_on_c, 0, 72, 71
1, 99582, Note_off_c, 0, 60, 0
1, 99582, Note_off_c, 0, 63, 0
1, 99596, Note_off_c, 0, 72, 0
1, 99600, Note_on_c, 0, 62, 56
1, 99600, Note_on_c, 0, 65, 56
1, 99600, Note_on_c, 0, 74, 70
1, 99823, Note_off_c, 0, 62, 0
1, 99823, Note_off_c, 0, 65, 0
1, 99838, Note_off_c, 0, 74, 0
1, 99840, Note_on_c, 0, 22, 62
1, 99840, Note_on_c, 0, 23, 62
1, 99840, Note_on_c, 0, 36, 59
1, 99840, Note_on_c, 0, 48, 75
1, 99840, Note_on_c, 0, 63, 61
1, 99840, Note_on_c, 0, 67, 61
1, 99840, Note_on_c, 0, 72, 61
1, 99840, Note_on_c, 0, 75, 75
1, 99840, Note_off_c, 0, 23, 64
1, 100080, Note_off_c, 0, 36, 0
1, 100080, Note_on_c, 0, 48, 64
1, 100094, Note_off_c, 0, 48, 0
1, 100304, Note_off_c, 0, 48, 0
1, 100320, Note_on_c, 0, 51, 57
1, 100320, Note_on_c, 0, 55, 71
1, 100320, Note_on_c, 0, 67, 57
1, 100320, Note_on_c, 0, 75, 67
1, 100320, Note_off_c, 0, 22, 64
1, 100332, Note_off_c, 0, 63, 0
1, 100332, Note_off_c, 0, 67, 0
1, 100332, Note_off_c, 0, 72, 0
1, 100332, Note_off_c, 0, 75, 0
1, 100542, Note_off_c, 0, 51, 0
1, 100556, Note_off_c, 0, 55, 0
1, 100556, Note_off_c, 0, 67, 0
1, 100556, Note_off_c, 0, 75, 0
1, 100560, Note_on_c, 0, 48, 64
1, 100560, Note_on_c, 0, 67, 56
1, 100560, Note_on_c, 0, 75, 66
1, 100669, Note_off_c, 0, 48, 0
1, 100680, Note_on_c, 0, 51, 56
1, 100680, Note_on_c, 0, 55, 66
1, 100799, Note_off_c, 0, 67, 0
1, 100799, Note_off_c, 0, 75, 0
1, 100800, Note_on_c, 0, 67, 59
1, 100800, Note_on_c, 0, 75, 73
1, 100920, Note_on_c, 0, 51, 56
1, 100920, Note_on_c, 0, 55, 66
1, 100926, Note_off_c, 0, 51, 0
1, 100926, Note_off_c, 0, 55, 0
1, 101025, Note_off_c, 0, 67, 0
1, 101028, Note_off_c, 0, 51, 0
1, 101035, Note_off_c, 0, 55, 0
1, 101039, Note_off_c, 0, 75, 0
1, 101040, Note_on_c, 0, 48, 64
1, 101040, Note_on_c, 0, 65, 56
1, 101040, Note_on_c, 0, 72, 70
1, 101263, Note_off_c, 0, 48, 0
1, 101263, Note_off_c, 0, 65, 0
1, 101277, Note_off_c, 0, 72, 0
1, 101280, Note_on_c, 0, 51, 57
1, 101280, Note_on_c, 0, 55, 71
1, 101280, Note_on_c, 0, 67, 57
1, 101280, Note_on_c, 0, 74, 71
1, 101502, Note_off_c, 0, 51, 0
1, 101516, Note_off_c, 0, 55, 0
1, 101516, Note_off_c, 0, 67, 0
1, 101516, Note_off_c, 0, 74, 0
1, 101520, Note_on_c, 0, 48, 64
1, 101520, Note_on_c, 0, 67, 56
1, 101520, Note_on_c, 0, 74, 70
1, 101743, Note_off_c, 0, 48, 0
1, 101743, Note_off_c, 0, 67, 0
1, 101758, Note_off_c, 0, 74, 0
1, 101760, Note_on_c, 0, 22, 62
1, 101760, Note_on_c, 0, 23, 62
1, 101760, Note_on_c, 0, 44, 69
1, 101760, Note_on_c, 0, 63, 61
1, 101760, Note_on_c, 0, 68, 61
1, 101760, Note_on_c, 0, 72, 75
1, 101760, Note_off_c, 0, 23, 64
1, 102000, Note_on_c, 0, 44, 64
1, 102014, Note_off_c, 0, 44, 0
1, 102224, Note_off_c, 0, 44, 0
1, 102240, Note_on_c, 0, 48, 57
1, 102240, Note_on_c, 0, 51, 71
1, 102240, Note_on_c, 0, 68, 57
1, 102240, Note_on_c, 0, 72, 67
1, 102240, Note_off_c, 0, 22, 64
1, 102252, Note_off_c, 0, 63, 0
1, 102252, Note_off_c, 0, 68, 0
1, 102252, Note_off_c, 0, 72, 0
1, 102462, Note_off_c, 0, 48, 0
1, 102476, Note_off_c, 0, 51, 0
1, 102476, Note_off_c, 0, 68, 0
1, 102476, Note_off_c, 0, 72, 0
1, 102480, Note_on_c, 0, 44, 64
1, 102480, Note_on_c, 0, 68, 56
1, 102480, Note_on_c, 0, 72, 66
1, 102589, Note_off_c, 0, 44, 0
1, 102600, Note_on_c, 0, 48, 56
1, 102600, Note_on_c, 0, 51, 66
1, 102719, Note_off_c, 0, 68, 0
1, 102719, Note_off_c, 0, 72, 0
1, 102720, Note_on_c, 0, 68, 59
1, 102720, Note_on_c, 0, 72, 73
1, 102840, Note_on_c, 0, 48, 56
1, 102840, Note_on_c, 0, 51, 66
1, 102846, Note_off_c, 0, 48, 0
1, 102846, Note_off_c, 0, 51, 0
1, 102945, Note_off_c, 0, 68, 0
1, 102948, Note_off_c, 0, 48, 0
1, 102955, Note_off_c, 0, 51, 0
1, 102959, Note_off_c, 0, 72, 0
1, 102960, Note_on_c, 0, 44, 64
1, 102960, Note_on_c, 0, 67, 56
1, 102960, Note_on_c, 0, 70, 70
1, 103183, Note_off_c, 0, 44, 0
1, 103183, Note_off_c, 0, 67, 0
1, 103197, Note_off_c, 0, 70, 0
1, 103200, Note_on_c, 0, 48, 57
1, 103200, Note_on_c, 0, 51, 71
1, 103200, Note_on_c, 0, 62, 57
1, 103200, Note_on_c, 0, 65, 71
1, 103422, Note_off_c, 0, 48, 0
1, 103422, Note_off_c, 0, 62, 0
1, 103436, Note_off_c, 0, 51, 0
1, 103436, Note_off_c, 0, 65, 0
1, 103440, Note_on_c, 0, 44, 64
1, 103440, Note_on_c, 0, 60, 56
1, 103440, Note_on_c, 0, 63, 70
1, 103663, Note_off_c, 0, 44, 0
1, 103663, Note_off_c, 0, 60, 0
1, 103678, Note_off_c, 0, 63, 0
1, 103680, Note_on_c, 0, 22, 62
1, 103680, Note_on_c, 0, 23, 62
1, 103680, Note_on_c, 0, 39, 68
1, 103680, Note_on_c, 0, 58, 61
1, 103680, Note_on_c, 0, 63, 61
1, 103680, Note_on_c, 0, 67, 75
1, 103680, Note_off_c, 0, 23, 64
1, 103920, Note_off_c, 0, 58, 0
1, 103920, Note_off_c, 0, 63, 0
1, 103920, Note_on_c, 0, 39, 63
1, 103920, Note_on_c, 0, 67, 56
1, 103920, Note_on_c, 0, 70, 70
1, 103934, Note_off_c, 0, 39, 0
1, 103934, Note_off_c, 0, 67, 0
1, 104144, Note_off_c, 0, 39, 0
1, 104160, Note_on_c, 0, 46, 57
1, 104160, Note_on_c, 0, 51, 71
1, 104160, Note_off_c, 0, 22, 64
1, 104382, Note_off_c, 0, 46, 0
1, 104395, Note_off_c, 0, 67, 0
1, 104395, Note_off_c, 0, 70, 0
1, 104396, Note_off_c, 0, 51, 0
1, 104400, Note_on_c, 0, 39, 63
1, 104400, Note_on_c, 0, 67, 56
1, 104400, Note_on_c, 0, 70, 66
1, 104509, Note_off_c, 0, 39, 0
1, 104520, Note_on_c, 0, 46, 56
1, 104520, Note_on_c, 0, 51, 66
1, 104639, Note_off_c, 0, 67, 0
1, 104639, Note_off_c, 0, 70, 0
1, 104640, Note_on_c, 0, 67, 59
1, 104640, Note_on_c, 0, 70, 69
1, 104760, Note_on_c, 0, 46, 56
1, 104760, Note_on_c, 0, 51, 66
1, 104766, Note_off_c, 0, 46, 0
1, 104766, Note_off_c, 0, 51, 0
1, 104865, Note_off_c, 0, 67, 0
1, 104868, Note_off_c, 0, 46, 0
1, 104875, Note_off_c, 0, 51, 0
1, 104879, Note_off_c, 0, 70, 0
1, 104880, Note_on_c, 0, 39, 63
1, 104880, Note_on_c, 0, 65, 64
1, 104989, Note_off_c, 0, 65, 0
1, 105000, Note_on_c, 0, 67, 64
1, 105103, Note_off_c, 0, 39, 0
1, 105120, Note_on_c, 0, 46, 57
1, 105120, Note_on_c, 0, 51, 71
1, 105342, Note_off_c, 0, 46, 0
1, 105356, Note_off_c, 0, 51, 0
1, 105356, Note_off_c, 0, 67, 0
1, 105360, Note_on_c, 0, 39, 63
1, 105360, Note_on_c, 0, 67, 64
1, 105583, Note_off_c, 0, 39, 0
1, 105583, Note_off_c, 0, 67, 0
1, 105600, Note_on_c, 0, 22, 62
1, 105600, Note_on_c, 0, 23, 62
1, 105600, Note_on_c, 0, 46, 69
1, 105600, Note_on_c, 0, 62, 61
1, 105600, Note_on_c, 0, 65, 75
1, 105600, Note_off_c, 0, 23, 64
1, 105840, Note_on_c, 0, 46, 64
1, 105854, Note_off_c, 0, 46, 0
1, 106064, Note_off_c, 0, 46, 0
1, 106080, Note_on_c, 0, 50, 57
1, 106080, Note_on_c, 0, 53, 71
1, 106080, Note_off_c, 0, 22, 64
1, 106302, Note_off_c, 0, 50, 0
1, 106316, Note_off_c, 0, 53, 0
1, 106320, Note_on_c, 0, 46, 64
1, 106320, Note_on_c, 0, 63, 64
1, 106329, Note_off_c, 0, 62, 0
1, 106329, Note_off_c, 0, 65, 0
1, 106429, Note_off_c, 0, 46, 0
1, 106440, Note_on_c, 0, 50, 56
1, 106440, Note_on_c, 0, 53, 66
1, 106559, Note_off_c, 0, 63, 0
1, 106560, Note_on_c, 0, 63, 59
1, 106560, Note_on_c, 0, 67, 59
1, 106560, Note_on_c, 0, 75, 73
1, 106680, Note_on_c, 0, 50, 56
1, 106680, Note_on_c, 0, 53, 66
1, 106686, Note_off_c, 0, 50, 0
1, 106686, Note_off_c, 0, 53, 0
1, 106785, Note_off_c, 0, 63, 0
1, 106785, Note_off_c, 0, 67, 0
1, 106788, Note_off_c, 0, 50, 0
1, 106795, Note_off_c, 0, 53, 0
1, 106799, Note_off_c, 0, 75, 0
1, 106800, Note_on_c, 0, 46, 64
1, 106800, Note_on_c, 0, 62, 56
1, 106800, Note_on_c, 0, 65, 56
1, 106800, Note_on_c, 0, 74, 70
1, 107023, Note_off_c, 0, 46, 0
1, 107023, Note_off_c, 0, 62, 0
1, 107023, Note_off_c, 0, 65, 0
1, 107037, Note_off_c, 0, 74, 0
1, 107040, Note_on_c, 0, 50, 57
1, 107040, Note_on_c, 0, 53, 71
1, 107040, Note_on_c, 0, 60, 57
1, 107040, Note_on_c, 0, 63, 57
1, 107040, Note_on_c, 0, 72, 71
1, 107262, Note_off_c, 0, 50, 0
1, 107262, Note_off_c, 0, 60, 0
1, 107262, Note_off_c, 0, 63, 0
1, 107276, Note_off_c, 0, 53, 0
1, 107276, Note_off_c, 0, 72, 0
1, 107280, Note_on_c, 0, 46, 64
1, 107280, Note_on_c, 0, 62, 56
1, 107280, Note_on_c, 0, 65, 56
1, 107280, Note_on_c, 0, 74, 70
1, 107503, Note_off_c, 0, 46, 0
1, 107503, Note_off_c, 0, 62, 0
1, 107503, Note_off_c, 0, 65, 0
1, 107518, Note_off_c, 0, 74, 0
1, 107520, Note_on_c, 0, 22, 62
1, 107520, Note_on_c, 0, 23, 62
1, 107520, Note_on_c, 0, 36, 59
1, 107520, Note_on_c, 0, 48, 75
1, 107520, Note_on_c, 0, 63, 61
1, 107520, Note_on_c, 0, 67, 61
1, 107520, Note_on_c, 0, 72, 61
1, 107520, Note_on_c, 0, 75, 75
1, 107520, Note_off_c, 0, 23, 64
1, 107760, Note_off_c, 0, 36, 0
1, 107760, Note_on_c, 0, 48, 64
1, 107774, Note_off_c, 0, 48, 0
1, 107984, Note_off_c, 0, 48, 0
1, 108000, Note_on_c, 0, 51, 57
1, 108000, Note_on_c, 0, 55, 71
1, 108000, Note_on_c, 0, 67, 57
1, 108000, Note_on_c, 0, 75, 67
1, 108000, Note_off_c, 0, 22, 64
1, 108012, Note_off_c, 0, 63, 0
1, 108012, Note_off_c, 0, 67, 0
1, 108012, Note_off_c, 0, 72, 0
1, 108012, Note_off_c, 0, 75, 0
1, 108222, Note_off_c, 0, 51, 0
1, 108236, Note_off_c, 0, 55, 0
1, 108236, Note_off_c, 0, 67, 0
1, 108236, Note_off_c, 0, 75, 0
1, 108240, Note_on_c, 0, 48, 64
1, 108240, Note_on_c, 0, 67, 56
1, 108240, Note_on_c, 0, 75, 66
1, 108349, Note_off_c, 0, 48, 0
1, 108360, Note_on_c, 0, 51, 56
1, 108360, Note_on_c, 0, 55, 66
1, 108479, Note_off_c, 0, 67, 0
1, 108479, Note_off_c, 0, 75, 0
1, 108480, Note_on_c, 0, 67, 59
1, 108480, Note_on_c, 0, 75, 73
1, 108600, Note_on_c, 0, 51, 56
1, 108600, Note_on_c, 0, 55, 66
1, 108606, Note_off_c, 0, 51, 0
1, 108606, Note_off_c, 0, 55, 0
1, 108705, Note_off_c, 0, 67, 0
1, 108708, Note_off_c, 0, 51, 0
1, 108715, Note_off_c, 0, 55, 0
1, 108719, Note_off_c, 0, 75, 0
1, 108720, Note_on_c, 0, 48, 64
1, 108720, Note_on_c, 0, 65, 56
1, 108720, Note_on_c, 0, 72, 70
1, 108943, Note_off_c, 0, 48, 0
1, 108943, Note_off_c, 0, 65, 0
1, 108957, Note_off_c, 0, 72, 0
1, 108960, Note_on_c, 0, 51, 57
1, 108960, Note_on_c, 0, 55, 71
1, 108960, Note_on_c, 0, 67, 57
1, 108960, Note_on_c, 0, 74, 71
1, 109182, Note_off_c, 0, 51, 0
1, 109196, Note_off_c, 0, 55, 0
1, 109196, Note_off_c, 0, 67, 0
1, 109196, Note_off_c, 0, 74, 0
1, 109200, Note_on_c, 0, 48, 64
1, 109200, Note_on_c, 0, 67, 56
1, 109200, Note_on_c, 0, 74, 70
1, 109423, Note_off_c, 0, 48, 0
1, 109423, Note_off_c, 0, 67, 0
1, 109438, Note_off_c, 0, 74, 0
1, 109440, Note_on_c, 0, 22, 62
1, 109440, Note_on_c, 0, 23, 62
1, 109440, Note_on_c, 0, 44, 69
1, 109440, Note_on_c, 0, 63, 61
1, 109440, Note_on_c, 0, 68, 61
1, 109440, Note_on_c, 0, 72, 75
1, 109440, Note_off_c, 0, 23, 64
1, 109680, Note_on_c, 0, 44, 64
1, 109694, Note_off_c, 0, 44, 0
1, 109904, Note_off_c, 0, 44, 0
1, 109920, Note_on_c, 0, 48, 57
1, 109920, Note_on_c, 0, 51, 71
1, 109920, Note_on_c, 0, 68, 57
1, 109920, Note_on_c, 0, 72, 67
1, 109920, Note_off_c, 0, 22, 64
1, 109932, Note_off_c, 0, 63, 0
1, 109932, Note_off_c, 0, 68, 0
1, 109932, Note_off_c, 0, 72, 0
1, 110142, Note_off_c, 0, 48, 0
1, 110156, Note_off_c, 0, 51, 0
1, 110156, Note_off_c, 0, 68, 0
1, 110156, Note_off_c, 0, 72, 0
1, 110160, Note_on_c, 0, 44, 64
1, 110160, Note_on_c, 0, 68, 56
1, 110160, Note_on_c, 0, 72, 70
1, 110269, Note_off_c, 0, 44, 0
1, 110280, Note_on_c, 0, 48, 56
1, 110280, Note_on_c, 0, 51, 66
1, 110385, Note_off_c, 0, 68, 0
1, 110399, Note_off_c, 0, 72, 0
1, 110400, Note_on_c, 0, 67, 59
1, 110400, Note_on_c, 0, 75, 73
1, 110520, Note_on_c, 0, 48, 56
1, 110520, Note_on_c, 0, 51, 66
1, 110526, Note_off_c, 0, 48, 0
1, 110526, Note_off_c, 0, 51, 0
1, 110625, Note_off_c, 0, 67, 0
1, 110628, Note_off_c, 0, 48, 0
1, 110635, Note_off_c, 0, 51, 0
1, 110639, Note_off_c, 0, 75, 0
1, 110640, Note_on_c, 0, 44, 64
1, 110640, Note_on_c, 0, 68, 56
1, 110640, Note_on_c, 0, 77, 70
1, 110863, Note_off_c, 0, 44, 0
1, 110863, Note_off_c, 0, 68, 0
1, 110877, Note_off_c, 0, 77, 0
1, 110880, Note_on_c, 0, 48, 57
1, 110880, Note_on_c, 0, 51, 71
1, 110880, Note_on_c, 0, 67, 57
1, 110880, Note_on_c, 0, 75, 71
1, 111102, Note_off_c, 0, 48, 0
1, 111102, Note_off_c, 0, 67, 0
1, 111116, Note_off_c, 0, 51, 0
1, 111116, Note_off_c, 0, 75, 0
1, 111120, Note_on_c, 0, 44, 64
1, 111120, Note_on_c, 0, 68, 56
1, 111120, Note_on_c, 0, 77, 70
1, 111343, Note_off_c, 0, 44, 0
1, 111343, Note_off_c, 0, 68, 0
1, 111358, Note_off_c, 0, 77, 0
1, 111360, Note_on_c, 0, 22, 62
1, 111360, Note_on_c, 0, 23, 62
1, 111360, Note_on_c, 0, 39, 68
1, 111360, Note_on_c, 0, 70, 61
1, 111360, Note_on_c, 0, 79, 75
1, 111360, Note_off_c, 0, 23, 64
1, 111600, Note_on_c, 0, 39, 63
1, 111614, Note_off_c, 0, 39, 0
1, 111824, Note_off_c, 0, 39, 0
1, 111840, Note_on_c, 0, 46, 57
1, 111840, Note_on_c, 0, 51, 71
1, 111840, Note_off_c, 0, 22, 64
1, 112062, Note_off_c, 0, 46, 0
1, 112076, Note_off_c, 0, 51, 0
1, 112080, Note_on_c, 0, 39, 63
1, 112080, Note_on_c, 0, 70, 56
1, 112080, Note_on_c, 0, 79, 70
1, 112089, Note_off_c, 0, 70, 0
1, 112089, Note_off_c, 0, 79, 0
1, 112189, Note_off_c, 0, 39, 0
1, 112200, Note_on_c, 0, 46, 56
1, 112200, Note_on_c, 0, 51, 66
1, 112305, Note_off_c, 0, 70, 0
1, 112319, Note_off_c, 0, 79, 0
1, 112320, Note_on_c, 0, 72, 59
1, 112320, Note_on_c, 0, 80, 73
1, 112440, Note_on_c, 0, 46, 56
1, 112440, Note_on_c, 0, 51, 66
1, 112446, Note_off_c, 0, 46, 0
1, 112446, Note_off_c, 0, 51, 0
1, 112548, Note_off_c, 0, 46, 0
1, 112555, Note_off_c, 0, 51, 0
1, 112560, Note_on_c, 0, 39, 63
1, 112783, Note_off_c, 0, 39, 0
1, 112796, Note_off_c, 0, 72, 0
1, 112796, Note_off_c, 0, 80, 0
1, 112800, Note_on_c, 0, 46, 57
1, 112800, Note_on_c, 0, 51, 71
1, 112800, Note_on_c, 0, 70, 57
1, 112800, Note_on_c, 0, 79, 71
1, 113022, Note_off_c, 0, 46, 0
1, 113036, Note_off_c, 0, 51, 0
1, 113036, Note_off_c, 0, 70, 0
1, 113036, Note_off_c, 0, 79, 0
1, 113040, Note_on_c, 0, 39, 63
1, 113040, Note_on_c, 0, 70, 56
1, 113040, Note_on_c, 0, 79, 66
1, 113263, Note_off_c, 0, 39, 0
1, 113280, Note_on_c, 0, 22, 62
1, 113280, Note_on_c, 0, 23, 62
1, 113280, Note_on_c, 0, 46, 69
1, 113280, Note_off_c, 0, 23, 64
1, 113519, Note_off_c, 0, 70, 0
1, 113520, Note_on_c, 0, 46, 64
1, 113520, Note_on_c, 0, 68, 56
1, 113520, Note_on_c, 0, 77, 70
1, 113533, Note_off_c, 0, 79, 0
1, 113533, Note_off_c, 0, 46, 0
1, 113744, Note_off_c, 0, 46, 0
1, 113760, Note_on_c, 0, 50, 57
1, 113760, Note_on_c, 0, 53, 71
1, 113760, Note_off_c, 0, 22, 64
1, 113982, Note_off_c, 0, 50, 0
1, 113995, Note_off_c, 0, 68, 0
1, 113995, Note_off_c, 0, 77, 0
1, 113996, Note_off_c, 0, 53, 0
1, 114000, Note_on_c, 0, 46, 64
1, 114000, Note_on_c, 0, 65, 56
1, 114000, Note_on_c, 0, 74, 70
1, 114109, Note_off_c, 0, 46, 0
1, 114120, Note_on_c, 0, 50, 56
1, 114120, Note_on_c, 0, 53, 66
1, 114239, Note_off_c, 0, 65, 0
1, 114239, Note_off_c, 0, 74, 0
1, 114240, Note_on_c, 0, 65, 59
1, 114240, Note_on_c, 0, 74, 73
1, 114360, Note_on_c, 0, 50, 56
1, 114360, Note_on_c, 0, 53, 66
1, 114366, Note_off_c, 0, 50, 0
1, 114366, Note_off_c, 0, 53, 0
1, 114468, Note_off_c, 0, 50, 0
1, 114475, Note_off_c, 0, 53, 0
1, 114480, Note_on_c, 0, 46, 64
1, 114703, Note_off_c, 0, 46, 0
1, 114716, Note_off_c, 0, 65, 0
1, 114716, Note_off_c, 0, 74, 0
1, 114720, Note_on_c, 0, 50, 57
1, 114720, Note_on_c, 0, 53, 71
1, 114720, Note_on_c, 0, 67, 57
1, 114720, Note_on_c, 0, 75, 71
1, 114942, Note_off_c, 0, 50, 0
1, 114956, Note_off_c, 0, 53, 0
1, 114956, Note_off_c, 0, 67, 0
1, 114956, Note_off_c, 0, 75, 0
1, 114960, Note_on_c, 0, 46, 64
1, 114960, Note_on_c, 0, 67, 56
1, 114960, Note_on_c, 0, 75, 66
1, 115183, Note_off_c, 0, 46, 0
1, 115200, Note_on_c, 0, 22, 62
1, 115200, Note_on_c, 0, 23, 62
1, 115200, Note_on_c, 0, 44, 69
1, 115200, Note_off_c, 0, 23, 64
1, 115440, Note_on_c, 0, 44, 64
1, 115454, Note_off_c, 0, 44, 0
1, 115664, Note_off_c, 0, 44, 0
1, 115680, Note_on_c, 0, 48, 57
1, 115680, Note_on_c, 0, 51, 71
1, 115680, Note_off_c, 0, 22, 64
1, 115902, Note_off_c, 0, 48, 0
1, 115916, Note_off_c, 0, 51, 0
1, 115920, Note_on_c, 0, 44, 64
1, 116029, Note_off_c, 0, 44, 0
1, 116040, Note_on_c, 0, 48, 56
1, 116040, Note_on_c, 0, 51, 66
1, 116280, Note_on_c, 0, 48, 56
1, 116280, Note_on_c, 0, 51, 66
1, 116286, Note_off_c, 0, 48, 0
1, 116286, Note_off_c, 0, 51, 0
1, 116388, Note_off_c, 0, 48, 0
1, 116395, Note_off_c, 0, 51, 0
1, 116400, Note_on_c, 0, 44, 64
1, 116623, Note_off_c, 0, 44, 0
1, 116640, Note_on_c, 0, 48, 57
1, 116640, Note_on_c, 0, 51, 71
1, 116640, Note_on_c, 0, 72, 65
1, 116643, Note_off_c, 0, 67, 0
1, 116643, Note_off_c, 0, 75, 0
1, 116862, Note_off_c, 0, 48, 0
1, 116862, Note_off_c, 0, 72, 0
1, 116876, Note_off_c, 0, 51, 0
1, 116880, Note_on_c, 0, 44, 64
1, 116880, Note_on_c, 0, 70, 64
1, 117103, Note_off_c, 0, 44, 0
1, 117103, Note_off_c, 0, 70, 0
1, 117120, Note_on_c, 0, 22, 62
1, 117120, Note_on_c, 0, 23, 62
1, 117120, Note_on_c, 0, 39, 68
1, 117120, Note_on_c, 0, 58, 61
1, 117120, Note_on_c, 0, 63, 61
1, 117120, Note_on_c, 0, 67, 75
1, 117120, Note_off_c, 0, 23, 64
1, 117360, Note_on_c, 0, 39, 63
1, 117374, Note_off_c, 0, 39, 0
1, 117584, Note_off_c, 0, 39, 0
1, 117600, Note_on_c, 0, 46, 57
1, 117600, Note_on_c, 0, 51, 71
1, 117600, Note_off_c, 0, 22, 64
1, 117822, Note_off_c, 0, 46, 0
1, 117836, Note_off_c, 0, 51, 0
1, 117840, Note_on_c, 0, 39, 63
1, 117949, Note_off_c, 0, 39, 0
1, 117960, Note_on_c, 0, 46, 56
1, 117960, Note_on_c, 0, 51, 66
1, 118088, Note_off_c, 0, 58, 0
1, 118088, Note_off_c, 0, 63, 0
1, 118088, Note_off_c, 0, 67, 0
1, 118188, Control_c, 0, 7, 110
1, 118200, Note_on_c, 0, 46, 56
1, 118200, Note_on_c, 0, 51, 66
1, 118206, Note_off_c, 0, 46, 0
1, 118206, Note_off_c, 0, 51, 0
1, 118308, Note_off_c, 0, 46, 0
1, 118315, Note_off_c, 0, 51, 0
1, 118320, Note_on_c, 0, 39, 63
1, 118543, Note_off_c, 0, 39, 0
1, 118560, Note_on_c, 0, 46, 57
1, 118560, Note_on_c, 0, 51, 71
1, 118782, Note_off_c, 0, 46, 0
1, 118796, Note_off_c, 0, 51, 0
1, 118800, Note_on_c, 0, 39, 63
1, 119023, Note_off_c, 0, 39, 0
1, 119040, Note_on_c, 0, 22, 62
1, 119040, Note_on_c, 0, 23, 62
1, 119040, Note_on_c, 0, 46, 56
1, 119040, Note_on_c, 0, 50, 70
1, 119040, Note_on_c, 0, 58, 61
1, 119040, Note_on_c, 0, 62, 75
1, 119040, Note_off_c, 0, 23, 64
1, 119520, Note_off_c, 0, 22, 64
1, 119755, Note_off_c, 0, 58, 0
1, 119760, Note_on_c, 0, 63, 64
1, 119769, Note_off_c, 0, 62, 0
1, 119985, Note_off_c, 0, 63, 0
1, 120000, Note_on_c, 0, 75, 67
1, 120225, Note_off_c, 0, 75, 0
1, 120240, Note_on_c, 0, 74, 64
1, 120463, Note_off_c, 0, 74, 0
1, 120480, Note_on_c, 0, 72, 65
1, 120702, Note_off_c, 0, 72, 0
1, 120720, Note_on_c, 0, 74, 64
1, 120943, Note_off_c, 0, 74, 0
1, 120958, Note_off_c, 0, 46, 0
1, 120958, Note_off_c, 0, 50, 0
1, 120960, Note_on_c, 0, 22, 62
1, 120960, Note_on_c, 0, 23, 62
1, 120960, Note_on_c, 0, 48, 69
1, 120960, Note_on_c, 0, 75, 69
1, 120960, Note_off_c, 0, 23, 64
1, 121200, Note_off_c, 0, 48, 0
1, 121200, Note_on_c, 0, 55, 64
1, 121424, Note_off_c, 0, 55, 0
1, 121440, Note_on_c, 0, 60, 56
1, 121440, Note_on_c, 0, 63, 70
1, 121440, Note_on_c, 0, 75, 65
1, 121440, Note_off_c, 0, 22, 64
1, 121452, Note_off_c, 0, 75, 0
1, 121676, Note_off_c, 0, 75, 0
1, 121680, Note_on_c, 0, 75, 64
1, 121919, Note_off_c, 0, 75, 0
1, 121920, Note_on_c, 0, 75, 67
1, 122145, Note_off_c, 0, 75, 0
1, 122160, Note_on_c, 0, 72, 64
1, 122383, Note_off_c, 0, 72, 0
1, 122400, Note_on_c, 0, 74, 65
1, 122636, Note_off_c, 0, 74, 0
1, 122640, Note_on_c, 0, 74, 64
1, 122863, Note_off_c, 0, 74, 0
1, 122866, Note_off_c, 0, 60, 0
1, 122866, Note_off_c, 0, 63, 0
1, 122880, Note_on_c, 0, 22, 62
1, 122880, Note_on_c, 0, 23, 62
1, 122880, Note_on_c, 0, 44, 69
1, 122880, Note_on_c, 0, 72, 69
1, 122880, Note_off_c, 0, 23, 64
1, 123120, Note_off_c, 0, 44, 0
1, 123120, Note_on_c, 0, 51, 64
1, 123344, Note_off_c, 0, 51, 0
1, 123360, Note_on_c, 0, 56, 56
1, 123360, Note_on_c, 0, 60, 70
1, 123360, Note_on_c, 0, 72, 65
1, 123360, Note_off_c, 0, 22, 64
1, 123372, Note_off_c, 0, 72, 0
1, 123596, Note_off_c, 0, 72, 0
1, 123600, Note_on_c, 0, 72, 64
1, 123839, Note_off_c, 0, 72, 0
1, 123840, Note_on_c, 0, 72, 67
1, 124065, Note_off_c, 0, 72, 0
1, 124080, Note_on_c, 0, 70, 64
1, 124303, Note_off_c, 0, 70, 0
1, 124320, Note_on_c, 0, 65, 65
1, 124542, Note_off_c, 0, 65, 0
1, 124560, Note_on_c, 0, 63, 64
1, 124783, Note_off_c, 0, 63, 0
1, 124786, Note_off_c, 0, 56, 0
1, 124786, Note_off_c, 0, 60, 0
1, 124800, Note_on_c, 0, 22, 62
1, 124800, Note_on_c, 0, 23, 62
1, 124800, Note_on_c, 0, 51, 69
1, 124800, Note_on_c, 0, 67, 69
1, 124800, Note_off_c, 0, 23, 64
1, 125040, Note_off_c, 0, 51, 0
1, 125040, Note_off_c, 0, 67, 0
1, 125040, Note_on_c, 0, 58, 64
1, 125040, Note_on_c, 0, 70, 64
1, 125264, Note_off_c, 0, 58, 0
1, 125280, Note_on_c, 0, 63, 64
1, 125280, Note_off_c, 0, 22, 64
1, 125515, Note_off_c, 0, 70, 0
1, 125520, Note_on_c, 0, 70, 64
1, 125759, Note_off_c, 0, 70, 0
1, 125760, Note_on_c, 0, 70, 67
1, 125985, Note_off_c, 0, 70, 0
1, 126000, Note_on_c, 0, 65, 64
1, 126109, Note_off_c, 0, 65, 0
1, 126120, Note_on_c, 0, 67, 64
1, 126477, Note_off_c, 0, 67, 0
1, 126480, Note_on_c, 0, 67, 64
1, 126703, Note_off_c, 0, 67, 0
1, 126706, Note_off_c, 0, 63, 0
1, 126720, Note_on_c, 0, 22, 62
1, 126720, Note_on_c, 0, 23, 62
1, 126720, Note_on_c, 0, 46, 61
1, 126720, Note_on_c, 0, 53, 71
1, 126720, Note_on_c, 0, 62, 61
1, 126720, Note_on_c, 0, 65, 75
1, 126720, Note_off_c, 0, 23, 64
1, 126960, Note_on_c, 0, 46, 56
1, 126960, Note_on_c, 0, 53, 66
1, 126974, Note_off_c, 0, 46, 0
1, 126974, Note_off_c, 0, 53, 0
1, 127198, Note_off_c, 0, 46, 0
1, 127198, Note_off_c, 0, 53, 0
1, 127200, Note_on_c, 0, 46, 57
1, 127200, Note_on_c, 0, 53, 67
1, 127200, Note_off_c, 0, 22, 64
1, 127436, Note_off_c, 0, 46, 0
1, 127436, Note_off_c, 0, 53, 0
1, 127440, Note_on_c, 0, 46, 56
1, 127440, Note_on_c, 0, 53, 70
1, 127440, Note_on_c, 0, 63, 64
1, 127449, Note_off_c, 0, 62, 0
1, 127449, Note_off_c, 0, 65, 0
1, 127665, Note_off_c, 0, 46, 0
1, 127679, Note_off_c, 0, 53, 0
1, 127679, Note_off_c, 0, 63, 0
1, 127680, Note_on_c, 0, 63, 59
1, 127680, Note_on_c, 0, 67, 59
1, 127680, Note_on_c, 0, 75, 73
1, 127788, Control_c, 0, 7, 102
1, 127905, Note_off_c, 0, 63, 0
1, 127905, Note_off_c, 0, 67, 0
1, 127919, Note_off_c, 0, 75, 0
1, 127920, Note_on_c, 0, 62, 56
1, 127920, Note_on_c, 0, 65, 56
1, 127920, Note_on_c, 0, 74, 70
1, 128143, Note_off_c, 0, 62, 0
1, 128143, Note_off_c, 0, 65, 0
1, 128157, Note_off_c, 0, 74, 0
1, 128160, Note_on_c, 0, 60, 57
1, 128160, Note_on_c, 0, 63, 57
1, 128160, Note_on_c, 0, 72, 71
1, 128382, Note_off_c, 0, 60, 0
1, 128382, Note_off_c, 0, 63, 0
1, 128396, Note_off_c, 0, 72, 0
1, 128400, Note_on_c, 0, 62, 56
1, 128400, Note_on_c, 0, 65, 56
1, 128400, Note_on_c, 0, 74, 70
1, 128623, Note_off_c, 0, 62, 0
1, 128623, Note_off_c, 0, 65, 0
1, 128638, Note_off_c, 0, 74, 0
1, 128640, Note_on_c, 0, 22, 62
1, 128640, Note_on_c, 0, 23, 62
1, 128640, Note_on_c, 0, 36, 59
1, 128640, Note_on_c, 0, 48, 75
1, 128640, Note_on_c, 0, 63, 61
1, 128640, Note_on_c, 0, 67, 61
1, 128640, Note_on_c, 0, 72, 61
1, 128640, Note_on_c, 0, 75, 75
1, 128640, Note_off_c, 0, 23, 64
1, 128880, Note_off_c, 0, 36, 0
1, 128880, Note_on_c, 0, 48, 64
1, 128894, Note_off_c, 0, 48, 0
1, 129104, Note_off_c, 0, 48, 0
1, 129120, Note_on_c, 0, 51, 57
1, 129120, Note_on_c, 0, 55, 71
1, 129120, Note_on_c, 0, 67, 57
1, 129120, Note_on_c, 0, 75, 67
1, 129120, Note_off_c, 0, 22, 64
1, 129132, Note_off_c, 0, 63, 0
1, 129132, Note_off_c, 0, 67, 0
1, 129132, Note_off_c, 0, 72, 0
1, 129132, Note_off_c, 0, 75, 0
1, 129342, Note_off_c, 0, 51, 0
1, 129356, Note_off_c, 0, 55, 0
1, 129356, Note_off_c, 0, 67, 0
1, 129356, Note_off_c, 0, 75, 0
1, 129360, Note_on_c, 0, 48, 64
1, 129360, Note_on_c, 0, 67, 56
1, 129360, Note_on_c, 0, 75, 66
1, 129469, Note_off_c, 0, 48, 0
1, 129480, Note_on_c, 0, 51, 56
1, 129480, Note_on_c, 0, 55, 66
1, 129599, Note_off_c, 0, 67, 0
1, 129599, Note_off_c, 0, 75, 0
1, 129600, Note_on_c, 0, 67, 59
1, 129600, Note_on_c, 0, 75, 73
1, 129720, Note_on_c, 0, 51, 56
1, 129720, Note_on_c, 0, 55, 66
1, 129726, Note_off_c, 0, 51, 0
1, 129726, Note_off_c, 0, 55, 0
1, 129825, Note_off_c, 0, 67, 0
1, 129828, Note_off_c, 0, 51, 0
1, 129835, Note_off_c, 0, 55, 0
1, 129839, Note_off_c, 0, 75, 0
1, 129840, Note_on_c, 0, 48, 64
1, 129840, Note_on_c, 0, 65, 56
1, 129840, Note_on_c, 0, 72, 70
1, 130063, Note_off_c, 0, 48, 0
1, 130063, Note_off_c, 0, 65, 0
1, 130077, Note_off_c, 0, 72, 0
1, 130080, Note_on_c, 0, 51, 57
1, 130080, Note_on_c, 0, 55, 71
1, 130080, Note_on_c, 0, 67, 57
1, 130080, Note_on_c, 0, 74, 71
1, 130302, Note_off_c, 0, 51, 0
1, 130316, Note_off_c, 0, 55, 0
1, 130316, Note_off_c, 0, 67, 0
1, 130316, Note_off_c, 0, 74, 0
1, 130320, Note_on_c, 0, 48, 64
1, 130320, Note_on_c, 0, 67, 56
1, 130320, Note_on_c, 0, 74, 70
1, 130543, Note_off_c, 0, 48, 0
1, 130543, Note_off_c, 0, 67, 0
1, 130558, Note_off_c, 0, 74, 0
1, 130560, Note_on_c, 0, 22, 62
1, 130560, Note_on_c, 0, 23, 62
1, 130560, Note_on_c, 0, 44, 69
1, 130560, Note_on_c, 0, 63, 61
1, 130560, Note_on_c, 0, 68, 61
1, 130560, Note_on_c, 0, 72, 75
1, 130560, Note_off_c, 0, 23, 64
1, 130800, Note_on_c, 0, 44, 64
1, 130814, Note_off_c, 0, 44, 0
1, 131024, Note_off_c, 0, 44, 0
1, 131040, Note_on_c, 0, 48, 57
1, 131040, Note_on_c, 0, 51, 71
1, 131040, Note_on_c, 0, 68, 57
1, 131040, Note_on_c, 0, 72, 67
1, 131040, Note_off_c, 0, 22, 64
1, 131052, Note_off_c, 0, 63, 0
1, 131052, Note_off_c, 0, 68, 0
1, 131052, Note_off_c, 0, 72, 0
1, 131262, Note_off_c, 0, 48, 0
1, 131276, Note_off_c, 0, 51, 0
1, 131276, Note_off_c, 0, 68, 0
1, 131276, Note_off_c, 0, 72, 0
1, 131280, Note_on_c, 0, 44, 64
1, 131280, Note_on_c, 0, 68, 56
1, 131280, Note_on_c, 0, 72, 70
1, 131389, Note_off_c, 0, 44, 0
1, 131400, Note_on_c, 0, 48, 56
1, 131400, Note_on_c, 0, 51, 66
1, 131505, Note_off_c, 0, 68, 0
1, 131519, Note_off_c, 0, 72, 0
1, 131520, Note_on_c, 0, 67, 59
1, 131520, Note_on_c, 0, 75, 73
1, 131640, Note_on_c, 0, 48, 56
1, 131640, Note_on_c, 0, 51, 66
1, 131646, Note_off_c, 0, 48, 0
1, 131646, Note_off_c, 0, 51, 0
1, 131745, Note_off_c, 0, 67, 0
1, 131748, Note_off_c, 0, 48, 0
1, 131755, Note_off_c, 0, 51, 0
1, 131759, Note_off_c, 0, 75, 0
1, 131760, Note_on_c, 0, 44, 64
1, 131760, Note_on_c, 0, 68, 56
1, 131760, Note_on_c, 0, 77, 70
1, 131983, Note_off_c, 0, 44, 0
1, 131983, Note_off_c, 0, 68, 0
1, 131997, Note_off_c, 0, 77, 0
1, 132000, Note_on_c, 0, 48, 57
1, 132000, Note_on_c, 0, 51, 71
1, 132000, Note_on_c, 0, 67, 57
1, 132000, Note_on_c, 0, 75, 71
1, 132222, Note_off_c, 0, 48, 0
1, 132222, Note_off_c, 0, 67, 0
1, 132236, Note_off_c, 0, 51, 0
1, 132236, Note_off_c, 0, 75, 0
1, 132240, Note_on_c, 0, 44, 64
1, 132240, Note_on_c, 0, 68, 56
1, 132240, Note_on_c, 0, 77, 70
1, 132463, Note_off_c, 0, 44, 0
1, 132463, Note_off_c, 0, 68, 0
1, 132478, Note_off_c, 0, 77, 0
1, 132480, Note_on_c, 0, 22, 62
1, 132480, Note_on_c, 0, 23, 62
1, 132480, Note_on_c, 0, 39, 68
1, 132480, Note_on_c, 0, 70, 61
1, 132480, Note_on_c, 0, 79, 75
1, 132480, Note_off_c, 0, 23, 64
1, 132720, Note_on_c, 0, 39, 63
1, 132734, Note_off_c, 0, 39, 0
1, 132944, Note_off_c, 0, 39, 0
1, 132960, Note_on_c, 0, 46, 57
1, 132960, Note_on_c, 0, 51, 71
1, 132960, Note_off_c, 0, 22, 64
1, 133182, Note_off_c, 0, 46, 0
1, 133196, Note_off_c, 0, 51, 0
1, 133200, Note_on_c, 0, 39, 63
1, 133200, Note_on_c, 0, 70, 56
1, 133200, Note_on_c, 0, 79, 70
1, 133209, Note_off_c, 0, 70, 0
1, 133209, Note_off_c, 0, 79, 0
1, 133309, Note_off_c, 0, 39, 0
1, 133320, Note_on_c, 0, 46, 56
1, 133320, Note_on_c, 0, 51, 66
1, 133425, Note_off_c, 0, 70, 0
1, 133439, Note_off_c, 0, 79, 0
1, 133440, Note_on_c, 0, 72, 59
1, 133440, Note_on_c, 0, 80, 73
1, 133560, Note_on_c, 0, 46, 56
1, 133560, Note_on_c, 0, 51, 66
1, 133566, Note_off_c, 0, 46, 0
1, 133566, Note_off_c, 0, 51, 0
1, 133668, Note_off_c, 0, 46, 0
1, 133675, Note_off_c, 0, 51, 0
1, 133680, Note_on_c, 0, 39, 63
1, 133903, Note_off_c, 0, 39, 0
1, 133916, Note_off_c, 0, 72, 0
1, 133916, Note_off_c, 0, 80, 0
1, 133920, Note_on_c, 0, 46, 57
1, 133920, Note_on_c, 0, 51, 71
1, 133920, Note_on_c, 0, 70, 57
1, 133920, Note_on_c, 0, 79, 71
1, 134142, Note_off_c, 0, 46, 0
1, 134156, Note_off_c, 0, 51, 0
1, 134156, Note_off_c, 0, 70, 0
1, 134156, Note_off_c, 0, 79, 0
1, 134160, Note_on_c, 0, 39, 63
1, 134160, Note_on_c, 0, 70, 56
1, 134160, Note_on_c, 0, 79, 66
1, 134383, Note_off_c, 0, 39, 0
1, 134400, Note_on_c, 0, 22, 62
1, 134400, Note_on_c, 0, 23, 62
1, 134400, Note_on_c, 0, 46, 69
1, 134400, Note_off_c, 0, 23, 64
1, 134639, Note_off_c, 0, 70, 0
1, 134640, Note_on_c, 0, 46, 64
1, 134640, Note_on_c, 0, 68, 56
1, 134640, Note_on_c, 0, 77, 70
1, 134653, Note_off_c, 0, 79, 0
1, 134653, Note_off_c, 0, 46, 0
1, 134864, Note_off_c, 0, 46, 0
1, 134880, Note_on_c, 0, 50, 57
1, 134880, Note_on_c, 0, 53, 71
1, 134880, Note_off_c, 0, 22, 64
1, 135102, Note_off_c, 0, 50, 0
1, 135115, Note_off_c, 0, 68, 0
1, 135115, Note_off_c, 0, 77, 0
1, 135116, Note_off_c, 0, 53, 0
1, 135120, Note_on_c, 0, 46, 64
1, 135120, Note_on_c, 0, 65, 56
1, 135120, Note_on_c, 0, 74, 70
1, 135229, Note_off_c, 0, 46, 0
1, 135240, Note_on_c, 0, 50, 56
1, 135240, Note_on_c, 0, 53, 66
1, 135359, Note_off_c, 0, 65, 0
1, 135359, Note_off_c, 0, 74, 0
1, 135360, Note_on_c, 0, 65, 59
1, 135360, Note_on_c, 0, 74, 73
1, 135480, Note_on_c, 0, 50, 56
1, 135480, Note_on_c, 0, 53, 66
1, 135486, Note_off_c, 0, 50, 0
1, 135486, Note_off_c, 0, 53, 0
1, 135588, Note_off_c, 0, 50, 0
1, 135595, Note_off_c, 0, 53, 0
1, 135600, Note_on_c, 0, 46, 64
1, 135823, Note_off_c, 0, 46, 0
1, 135836, Note_off_c, 0, 65, 0
1, 135836, Note_off_c, 0, 74, 0
1, 135840, Note_on_c, 0, 50, 57
1, 135840, Note_on_c, 0, 53, 71
1, 135840, Note_on_c, 0, 67, 57
1, 135840, Note_on_c, 0, 75, 71
1, 136062, Note_off_c, 0, 50, 0
1, 136076, Note_off_c, 0, 53, 0
1, 136076, Note_off_c, 0, 67, 0
1, 136076, Note_off_c, 0, 75, 0
1, 136080, Note_on_c, 0, 46, 64
1, 136080, Note_on_c, 0, 67, 56
1, 136080, Note_on_c, 0, 75, 66
1, 136303, Note_off_c, 0, 46, 0
1, 136320, Note_on_c, 0, 22, 62
1, 136320, Note_on_c, 0, 23, 62
1, 136320, Note_on_c, 0, 36, 59
1, 136320, Note_on_c, 0, 48, 75
1, 136320, Note_off_c, 0, 23, 64
1, 136560, Note_off_c, 0, 36, 0
1, 136560, Note_on_c, 0, 48, 64
1, 136574, Note_off_c, 0, 48, 0
1, 136784, Note_off_c, 0, 48, 0
1, 136800, Note_on_c, 0, 51, 57
1, 136800, Note_on_c, 0, 55, 71
1, 136800, Note_on_c, 0, 75, 65
1, 136800, Note_off_c, 0, 22, 64
1, 136812, Note_off_c, 0, 67, 0
1, 136812, Note_off_c, 0, 75, 0
1, 137022, Note_off_c, 0, 51, 0
1, 137036, Note_off_c, 0, 55, 0
1, 137036, Note_off_c, 0, 75, 0
1, 137040, Note_on_c, 0, 48, 64
1, 137040, Note_on_c, 0, 75, 64
1, 137149, Note_off_c, 0, 48, 0
1, 137160, Note_on_c, 0, 51, 56
1, 137160, Note_on_c, 0, 55, 66
1, 137279, Note_off_c, 0, 75, 0
1, 137280, Note_on_c, 0, 75, 67
1, 137400, Note_on_c, 0, 51, 56
1, 137400, Note_on_c, 0, 55, 66
1, 137406, Note_off_c, 0, 51, 0
1, 137406, Note_off_c, 0, 55, 0
1, 137508, Note_off_c, 0, 51, 0
1, 137515, Note_off_c, 0, 55, 0
1, 137519, Note_off_c, 0, 75, 0
1, 137520, Note_on_c, 0, 48, 64
1, 137520, Note_on_c, 0, 75, 64
1, 137743, Note_off_c, 0, 48, 0
1, 137743, Note_off_c, 0, 75, 0
1, 137760, Note_on_c, 0, 51, 57
1, 137760, Note_on_c, 0, 55, 71
1, 137760, Note_on_c, 0, 74, 65
1, 137982, Note_off_c, 0, 51, 0
1, 137982, Note_off_c, 0, 74, 0
1, 137996, Note_off_c, 0, 55, 0
1, 138000, Note_on_c, 0, 48, 64
1, 138000, Note_on_c, 0, 75, 64
1, 138223, Note_off_c, 0, 48, 0
1, 138238, Note_off_c, 0, 75, 0
1, 138240, Note_on_c, 0, 22, 62
1, 138240, Note_on_c, 0, 23, 62
1, 138240, Note_on_c, 0, 44, 69
1, 138240, Note_on_c, 0, 72, 61
1, 138240, Note_on_c, 0, 75, 75
1, 138240, Note_off_c, 0, 23, 64
1, 138480, Note_on_c, 0, 44, 64
1, 138494, Note_off_c, 0, 44, 0
1, 138704, Note_off_c, 0, 44, 0
1, 138720, Note_on_c, 0, 48, 57
1, 138720, Note_on_c, 0, 51, 71
1, 138720, Note_off_c, 0, 22, 64
1, 138732, Note_off_c, 0, 72, 0
1, 138732, Note_off_c, 0, 75, 0
1, 138942, Note_off_c, 0, 48, 0
1, 138956, Note_off_c, 0, 51, 0
1, 138960, Note_on_c, 0, 44, 64
1, 138960, Note_on_c, 0, 72, 64
1, 139069, Note_off_c, 0, 44, 0
1, 139080, Note_on_c, 0, 48, 56
1, 139080, Note_on_c, 0, 51, 66
1, 139199, Note_off_c, 0, 72, 0
1, 139200, Note_on_c, 0, 72, 67
1, 139320, Note_on_c, 0, 48, 56
1, 139320, Note_on_c, 0, 51, 66
1, 139326, Note_off_c, 0, 48, 0
1, 139326, Note_off_c, 0, 51, 0
1, 139428, Note_off_c, 0, 48, 0
1, 139435, Note_off_c, 0, 51, 0
1, 139439, Note_off_c, 0, 72, 0
1, 139440, Note_on_c, 0, 44, 64
1, 139440, Note_on_c, 0, 72, 64
1, 139663, Note_off_c, 0, 44, 0
1, 139677, Note_off_c, 0, 72, 0
1, 139680, Note_on_c, 0, 48, 57
1, 139680, Note_on_c, 0, 51, 71
1, 139680, Note_on_c, 0, 72, 65
1, 139902, Note_off_c, 0, 48, 0
1, 139902, Note_off_c, 0, 72, 0
1, 139916, Note_off_c, 0, 51, 0
1, 139920, Note_on_c, 0, 44, 64
1, 139920, Note_on_c, 0, 74, 64
1, 140143, Note_off_c, 0, 44, 0
1, 140143, Note_off_c, 0, 74, 0
1, 140160, Note_on_c, 0, 22, 62
1, 140160, Note_on_c, 0, 23, 62
1, 140160, Note_on_c, 0, 39, 68
1, 140160, Note_on_c, 0, 70, 61
1, 140160, Note_on_c, 0, 75, 75
1, 140160, Note_off_c, 0, 23, 64
1, 140400, Note_on_c, 0, 39, 63
1, 140414, Note_off_c, 0, 39, 0
1, 140624, Note_off_c, 0, 39, 0
1, 140640, Note_on_c, 0, 46, 57
1, 140640, Note_on_c, 0, 51, 71
1, 140640, Note_off_c, 0, 22, 64
1, 140652, Note_off_c, 0, 70, 0
1, 140652, Note_off_c, 0, 75, 0
1, 140748, Control_c, 0, 7, 110
1, 140862, Note_off_c, 0, 46, 0
1, 140876, Note_off_c, 0, 51, 0
1, 140880, Note_on_c, 0, 39, 63
1, 140989, Note_off_c, 0, 39, 0
1, 141000, Note_on_c, 0, 46, 56
1, 141000, Note_on_c, 0, 51, 66
1, 141120, Note_on_c, 0, 75, 59
1, 141120, Note_on_c, 0, 79, 73
1, 141240, Note_on_c, 0, 46, 56
1, 141240, Note_on_c, 0, 51, 66
1, 141246, Note_off_c, 0, 46, 0
1, 141246, Note_off_c, 0, 51, 0
1, 141348, Note_off_c, 0, 46, 0
1, 141355, Note_off_c, 0, 51, 0
1, 141359, Note_off_c, 0, 75, 0
1, 141359, Note_off_c, 0, 79, 0
1, 141360, Note_on_c, 0, 39, 63
1, 141360, Note_on_c, 0, 75, 56
1, 141360, Note_on_c, 0, 79, 70
1, 141583, Note_off_c, 0, 39, 0
1, 141583, Note_off_c, 0, 75, 0
1, 141597, Note_off_c, 0, 79, 0
1, 141600, Note_on_c, 0, 46, 57
1, 141600, Note_on_c, 0, 51, 71
1, 141600, Note_on_c, 0, 77, 57
1, 141600, Note_on_c, 0, 80, 71
1, 141822, Note_off_c, 0, 46, 0
1, 141822, Note_off_c, 0, 77, 0
1, 141836, Note_off_c, 0, 51, 0
1, 141836, Note_off_c, 0, 80, 0
1, 141840, Note_on_c, 0, 39, 63
1, 141840, Note_on_c, 0, 75, 56
1, 141840, Note_on_c, 0, 79, 70
1, 142063, Note_off_c, 0, 39, 0
1, 142063, Note_off_c, 0, 75, 0
1, 142078, Note_off_c, 0, 79, 0
1, 142080, Note_on_c, 0, 22, 62
1, 142080, Note_on_c, 0, 23, 62
1, 142080, Note_on_c, 0, 46, 69
1, 142080, Note_on_c, 0, 74, 56
1, 142080, Note_on_c, 0, 77, 70
1, 142080, Note_off_c, 0, 23, 64
1, 142320, Note_on_c, 0, 46, 64
1, 142334, Note_off_c, 0, 46, 0
1, 142544, Note_off_c, 0, 46, 0
1, 142560, Note_on_c, 0, 50, 57
1, 142560, Note_on_c, 0, 53, 71
1, 142560, Note_off_c, 0, 22, 64
1, 142782, Note_off_c, 0, 50, 0
1, 142796, Note_off_c, 0, 53, 0
1, 142800, Note_on_c, 0, 46, 64
1, 142909, Note_off_c, 0, 46, 0
1, 142920, Note_on_c, 0, 50, 56
1, 142920, Note_on_c, 0, 53, 66
1, 143160, Note_on_c, 0, 50, 56
1, 143160, Note_on_c, 0, 53, 66
1, 143166, Note_off_c, 0, 50, 0
1, 143166, Note_off_c, 0, 53, 0
1, 143268, Note_off_c, 0, 50, 0
1, 143275, Note_off_c, 0, 53, 0
1, 143280, Note_on_c, 0, 46, 64
1, 143503, Note_off_c, 0, 46, 0
1, 143520, Note_on_c, 0, 50, 57
1, 143520, Note_on_c, 0, 53, 71
1, 143520, Note_on_c, 0, 75, 65
1, 143524, Note_off_c, 0, 74, 0
1, 143524, Note_off_c, 0, 77, 0
1, 143742, Note_off_c, 0, 50, 0
1, 143756, Note_off_c, 0, 53, 0
1, 143760, Note_on_c, 0, 46, 64
1, 143983, Note_off_c, 0, 46, 0
1, 143994, Note_off_c, 0, 75, 0
1, 144000, Note_on_c, 0, 22, 62
1, 144000, Note_on_c, 0, 23, 62
1, 144000, Note_on_c, 0, 36, 59
1, 144000, Note_on_c, 0, 48, 75
1, 144000, Note_on_c, 0, 75, 61
1, 144000, Note_on_c, 0, 82, 75
1, 144000, Note_off_c, 0, 23, 64
1, 144240, Note_off_c, 0, 36, 0
1, 144240, Note_on_c, 0, 48, 64
1, 144254, Note_off_c, 0, 48, 0
1, 144464, Note_off_c, 0, 48, 0
1, 144480, Note_on_c, 0, 51, 57
1, 144480, Note_on_c, 0, 55, 71
1, 144480, Note_on_c, 0, 72, 65
1, 144480, Note_off_c, 0, 22, 64
1, 144492, Note_off_c, 0, 75, 0
1, 144492, Note_off_c, 0, 82, 0
1, 144702, Note_off_c, 0, 51, 0
1, 144716, Note_off_c, 0, 55, 0
1, 144716, Note_off_c, 0, 72, 0
1, 144720, Note_on_c, 0, 48, 64
1, 144720, Note_on_c, 0, 72, 64
1, 144829, Note_off_c, 0, 48, 0
1, 144840, Note_on_c, 0, 51, 56
1, 144840, Note_on_c, 0, 55, 66
1, 144959, Note_off_c, 0, 72, 0
1, 144960, Note_on_c, 0, 72, 67
1, 145080, Note_on_c, 0, 51, 56
1, 145080, Note_on_c, 0, 55, 66
1, 145086, Note_off_c, 0, 51, 0
1, 145086, Note_off_c, 0, 55, 0
1, 145188, Note_off_c, 0, 51, 0
1, 145195, Note_off_c, 0, 55, 0
1, 145199, Note_off_c, 0, 72, 0
1, 145200, Note_on_c, 0, 48, 64
1, 145200, Note_on_c, 0, 72, 64
1, 145423, Note_off_c, 0, 48, 0
1, 145437, Note_off_c, 0, 72, 0
1, 145440, Note_on_c, 0, 51, 57
1, 145440, Note_on_c, 0, 55, 71
1, 145440, Note_on_c, 0, 72, 65
1, 145662, Note_off_c, 0, 51, 0
1, 145662, Note_off_c, 0, 72, 0
1, 145676, Note_off_c, 0, 55, 0
1, 145680, Note_on_c, 0, 48, 64
1, 145680, Note_on_c, 0, 74, 64
1, 145903, Note_off_c, 0, 48, 0
1, 145903, Note_off_c, 0, 74, 0
1, 145920, Note_on_c, 0, 22, 62
1, 145920, Note_on_c, 0, 23, 62
1, 145920, Note_on_c, 0, 44, 69
1, 145920, Note_on_c, 0, 72, 61
1, 145920, Note_on_c, 0, 75, 75
1, 145920, Note_off_c, 0, 23, 64
1, 146160, Note_on_c, 0, 44, 64
1, 146174, Note_off_c, 0, 44, 0
1, 146384, Note_off_c, 0, 44, 0
1, 146400, Note_on_c, 0, 48, 57
1, 146400, Note_on_c, 0, 51, 71
1, 146400, Note_off_c, 0, 22, 64
1, 146412, Note_off_c, 0, 72, 0
1, 146412, Note_off_c, 0, 75, 0
1, 146622, Note_off_c, 0, 48, 0
1, 146636, Note_off_c, 0, 51, 0
1, 146640, Note_on_c, 0, 44, 64
1, 146749, Note_off_c, 0, 44, 0
1, 146760, Note_on_c, 0, 48, 56
1, 146760, Note_on_c, 0, 51, 66
1, 146880, Note_on_c, 0, 75, 67
1, 147000, Note_on_c, 0, 48, 56
1, 147000, Note_on_c, 0, 51, 66
1, 147006, Note_off_c, 0, 48, 0
1, 147006, Note_off_c, 0, 51, 0
1, 147108, Note_off_c, 0, 48, 0
1, 147115, Note_off_c, 0, 51, 0
1, 147119, Note_off_c, 0, 75, 0
1, 147120, Note_on_c, 0, 44, 64
1, 147120, Note_on_c, 0, 75, 64
1, 147343, Note_off_c, 0, 44, 0
1, 147357, Note_off_c, 0, 75, 0
1, 147360, Note_on_c, 0, 48, 57
1, 147360, Note_on_c, 0, 51, 71
1, 147360, Note_on_c, 0, 75, 65
1, 147582, Note_off_c, 0, 48, 0
1, 147582, Note_off_c, 0, 75, 0
1, 147596, Note_off_c, 0, 51, 0
1, 147600, Note_on_c, 0, 44, 64
1, 147600, Note_on_c, 0, 77, 64
1, 147823, Note_off_c, 0, 44, 0
1, 147823, Note_off_c, 0, 77, 0
1, 147840, Note_on_c, 0, 22, 62
1, 147840, Note_on_c, 0, 23, 62
1, 147840, Note_on_c, 0, 39, 68
1, 147840, Note_on_c, 0, 70, 72
1, 147840, Note_on_c, 0, 75, 61
1, 147840, Note_on_c, 0, 79, 67
1, 147840, Note_off_c, 0, 23, 64
1, 148080, Note_on_c, 0, 39, 63
1, 148094, Note_off_c, 0, 39, 0
1, 148304, Note_off_c, 0, 39, 0
1, 148320, Note_on_c, 0, 46, 57
1, 148320, Note_on_c, 0, 51, 71
1, 148320, Note_off_c, 0, 22, 64
1, 148542, Note_off_c, 0, 46, 0
1, 148556, Note_off_c, 0, 51, 0
1, 148560, Note_on_c, 0, 39, 63
1, 148669, Note_off_c, 0, 39, 0
1, 148680, Note_on_c, 0, 46, 56
1, 148680, Note_on_c, 0, 51, 66
1, 148800, Note_on_c, 0, 75, 59
1, 148800, Note_on_c, 0, 79, 69
1, 148808, Note_off_c, 0, 70, 0
1, 148808, Note_off_c, 0, 75, 0
1, 148808, Note_off_c, 0, 79, 0
1, 148920, Note_on_c, 0, 46, 56
1, 148920, Note_on_c, 0, 51, 66
1, 148926, Note_off_c, 0, 46, 0
1, 148926, Note_off_c, 0, 51, 0
1, 149028, Note_off_c, 0, 46, 0
1, 149035, Note_off_c, 0, 51, 0
1, 149039, Note_off_c, 0, 75, 0
1, 149039, Note_off_c, 0, 79, 0
1, 149040, Note_on_c, 0, 39, 63
1, 149040, Note_on_c, 0, 75, 56
1, 149040, Note_on_c, 0, 79, 66
1, 149156, Note_off_c, 0, 75, 0
1, 149156, Note_off_c, 0, 79, 0
1, 149160, Note_on_c, 0, 75, 56
1, 149160, Note_on_c, 0, 79, 66
1, 149263, Note_off_c, 0, 39, 0
1, 149280, Note_on_c, 0, 46, 57
1, 149280, Note_on_c, 0, 51, 71
1, 149502, Note_off_c, 0, 46, 0
1, 149516, Note_off_c, 0, 51, 0
1, 149516, Note_off_c, 0, 75, 0
1, 149516, Note_off_c, 0, 79, 0
1, 149520, Note_on_c, 0, 39, 63
1, 149520, Note_on_c, 0, 75, 56
1, 149520, Note_on_c, 0, 79, 70
1, 149743, Note_off_c, 0, 39, 0
1, 149743, Note_off_c, 0, 75, 0
1, 149758, Note_off_c, 0, 79, 0
1, 149760, Note_on_c, 0, 22, 62
1, 149760, Note_on_c, 0, 23, 62
1, 149760, Note_on_c, 0, 46, 56
1, 149760, Note_on_c, 0, 50, 56
1, 149760, Note_on_c, 0, 53, 66
1, 149760, Note_on_c, 0, 70, 56
1, 149760, Note_on_c, 0, 74, 56
1, 149760, Note_on_c, 0, 77, 70
1, 149760, Note_off_c, 0, 23, 64
1, 150240, Note_off_c, 0, 22, 64
1, 152160, Note_off_c, 0, 23, 64
1, 152172, Note_off_c, 0, 46, 0
1, 152172, Note_off_c, 0, 50, 0
1, 152172, Note_off_c, 0, 53, 0
1, 152172, Note_off_c, 0, 70, 0
1, 152172, Note_off_c, 0, 74, 0
1, 152172, Note_off_c, 0, 77, 0
1, 152268, Control_c, 0, 7, 102
1, 152268, Control_c, 0, 7, 110
1, 152268, End_track
0, 0, End_of_file
